pair_id,kn_word,te_word,kn_iso,te_iso,synset_id,gloss,candidate_source,label,origin,annotator,notes,en_kn,en_te,needs_gloss
B000000,ವಿಕಾರ,వికారం,vikāra,vikāraṁ,4253,kn: ಸಹಜ ಆಕಾರ ಕೆಡಿಸಿಕೊಂಡ ಯಾವುದೇ ಅಂಗ ಅಥವಾ ಆವಯವದ ಸ್ಥಿತಿ || te: అది ఒక దోషము దాని కారణంగా ఏదేని వస్తువు యొక్క రూపు-రంగు చెరిగిపోతుంది,shared_synset,,,,,The condition of any organ or organ that is deformed,It is a defect due to which the form-color of any object is discolored,false
B000001,ಅಲೆ,దారితప్పు,ale,dāritappu,22879,kn: ವ್ಯರ್ಥವಾಗಿ ಅಲ್ಲಿ-ಇಲ್ಲಿ ಸುತ್ತಾಡುವ ಅಥವಾ ನಡೆದಾಡುವ ಪ್ರಕ್ರಿಯೆ || te: అటు_ఇటు తిరిగి వెళ్ళడం,shared_synset,,,,,The process of loitering or walking in vain,Going back and forth,false
B000002,ಜನ್ಮವೆತ್ತಿದಂತ,ఉత్పన్నమయిన,janmavettidaṁta,utpannamayina,8,kn: ಯಾರೋ ಒಬ್ಬರು ಹುಟ್ಟಿರುವರು ಅಥವಾ ಜನ್ಮ ತಾಳಿದವರು/ಪಡೆದವರು || te: తల్లి గర్భం నుండి కొత్తగా భూమిపైకి రావడం,shared_synset,,,,,Someone born or begotten/begotten,Coming to earth anew from the mother's womb,false
B000003,ಅಪ್ರಸ್ತುತ,వెల్లగొట్టుట,aprastuta,vellagoṭṭuṭa,,,random,,,,,Absence of person and material facts at a particular time and place,disclosure,false
B000004,ಅವಧ್,అవధీ,avadh,avadhī,,kn: ಉತ್ತರ ಪ್ರದೇಶದ ಸರಯೂ ನದಿಯ ದಡದಲ್ಲಿರುವ ಒಂದು ತೀರ್ಥಸ್ಥಳ || te: అవధ ప్రాంతానికి సంబంధించిన భాష,form_similar,,,,,A pilgrimage site on the banks of Sarayu River in Uttar Pradesh,A language related to Awadha region,false
B000005,ಸೂಕ್ಷ್ಮದರ್ಶಿ,సూక్ష్మదర్శిని,sūkṣmadarśi,sūkṣmadarśini,,kn: ಅತಿ ಸೂಕ್ಷ್ಮವಾದ ಅಥವಾ ಸಣ್ಣ ಸಣ್ಣ ಮಾತನ್ನು ಯೋಚಿಸುವ ಅಥವಾ ಅರ್ಥಮಾಡಿಕೊಳ್ಳುವ || te: ఈ యంత్రము వలన చిన్న వస్తువులు పెద్దవిగా కనిపిస్తాయి.,form_similar,,,,,Thinking or understanding very subtle or small talk,This machine makes small objects appear larger.,false
B000006,ನಿರೀಕ್ಷಕ,నిరీక్షణ,nirīkṣaka,nirīkṣaṇa,,"kn: ಯಾವುದಾದರೂ ಘಟನೆಯ,ವಸ್ತುವಿನ ನಿರೀಕ್ಷಣೆ || te: ఏదేని పని , లేక మాట మరియు  వ్యవహారమును చాలా లోతుగా చూచే క్రియ.",form_similar,,,,,Anticipation of any event or thing,"The act of looking deeply into any action, word or deed.",false
B000007,ಪ್ರಸನ್ನದಾಯಕವಾದಂತ,కొండాటమైన,prasannadāyakavādaṁta,koṁḍāṭamaina,548,kn: ಆನಂದವನ್ನು ಉಂಟುಮಾಡುವಂತಹದು || te: మనస్సుకు హాయిని కలిగించేటువంటి,shared_synset,,,,,Arousing pleasure,Soothing to the mind,false
B000008,ಅನ್ನಪೂರ್ಣೆ,ఏకాభిప్రాయము,annapūrṇe,ēkābhiprāyamu,,,random,,,,,Shiva's wife,Having one or the same opinion.,false
B000009,ಭೂಗರ್ಭಶಾಸ್ತ್ರ,భూగోళశాస్త్రం,bhūgarbhaśāstra,bhūgōḷaśāstraṁ,7435,kn: ಒಂದು ಶಾಸ್ತ್ರದಲ್ಲಿ ಪೃಥ್ವಿಯ ಮೇಲ್ಭಾಗದ ಸ್ವರೂಪ ಮತ್ತು ಪ್ರಾಕೃತಿಕ ವಿಭಾಗಗಳ ವಿವೇಚನೆ ಅಥವಾ ವರ್ಣನೆಯನ್ನು ಒಳಗೊಂಡಿರುತ್ತದೆ || te: భూమి గురించి తేలియజేసే శాస్త్రం,shared_synset,,,,,A science involves the analysis or description of the top form and natural divisions of the earth.,The science of earth,false
B000010,ಪಿಕಾಸಿ,చెనికిపార,pikāsi,cenikipāra,7329,kn: ಒಂದು ಉಪಕರಣದಿಂದ ಮೊಣ್ಣು ಮುಂತಾದವುಗಳನ್ನು ಎತ್ತಿಕೊಂಡು ಎಲ್ಲೋ ಒಂದು ಕಡೆ ಹಾಕುವರು ಅಥವಾ ಯಾವುದೇ ವಸ್ತು ಮುಂತಾದವುಗಳನ್ನು ತುಂಬುವರು || te: మట్టిని తవ్వడానికి ఉపయోగించే ఇనుప సాధనం,shared_synset,,,,,A tool picks up something like a nail and puts it somewhere or stuffs something like that,An iron tool used to dig the soil,false
B000011,ಅನೀಶ,కంబుపాణి,anīśa,kaṁbupāṇi,2185,kn: ಹಿಂಧೂಗಳ ಪ್ರಕಾರ  ಸೃಷ್ಟಿಯನ್ನು ಪಾಲನೆ ಮಾಡುತ್ತಿರುವುದು ಒಬ್ಬನೇ ದೇವರು || te: హిందువుల విశ్వాసం ప్రకారం దశావతారాలుగల దేవుడు,shared_synset,,,,,"According to Hindus, there is only one God who sustains creation","According to the Hindu belief, the God of Dashavatars",false
B000012,ಬಡಬಾಗ್ನಿ,కాష్ఠదుహము,baḍabāgni,kāṣṭhaduhamu,7095,kn: ಸಾಮಾನ್ಯ ಜನರು ನಂಬುವಂಥ ಸಮುದ್ರದೊಳಗೆ ಉರಿಯುತ್ತಿರುವ ಬೆಂಕಿ || te: సముద్రములోపల మండేదిగా అనుకోబడునది,shared_synset,,,,,A fire burning within the sea as believed by common people,It is supposed to be flammable in the sea,false
B000013,ಪ್ರಜಾಪತಿ,అంభోజజన్ముడు,prajāpati,aṁbhōjajanmuḍu,2198,kn: ಹಿಂದೂಗಳು ಒಬ್ಬ ದೇವನು  ಸೃಷ್ಟಿಯನ್ನು ನಿರ್ಮಿಸಿದ್ದಾರೆಂದು ನಂಬಿರುವರು || te: హిందు ధర్మం ప్రకారం సృష్టికర్త,shared_synset,,,,,Hindus believe that one God created creation,Creator according to Hinduism,false
B000014,ಧರ್ಮಜ್ಞಾನಿ,ధర్మజ్ఞాని,dharmajñāni,dharmajñāni,5682,kn: ಯಾರಿಗೆ ಧರ್ಮದ ಬಗೆಗೆ ಚೆನ್ನಾಗಿ ತಿಳಿದಿರುತ್ತದೆಯೋ || te: అన్ని ధర్మాలలోనూ మంచి జ్ఞానం గలవాడు,shared_synset,,,,,Who knows well about religion,He is well versed in all virtues,false
B000015,ವಾಚ್ಯ,వాచ్యం,vācya,vācyaṁ,,kn: ನೇರವಾಗಿ ಅರ್ಥವಾಗುವಂತಹ (ವ್ಯಾಕರಣ) || te: ఏదైన చెప్పే భావన.,form_similar,,,,,directly understandable (grammar),Any sense of telling.,false
B000016,ಘರ್ಷಣೆ,యుద్ధము,gharṣaṇe,yuddhamu,10817,kn: ಭಯಂಕರ ಮತ್ತು ವ್ಯತಿರಿಕ್ತ ಪರಿಸ್ಥಿತಿಯಿಂದ ಹೊರಗೆ ಬಂದು ಮುಂದೆ ಸಾಗಲು ಪಡುವ ಪ್ರಯತ್ನ ಅಥವಾ ಪ್ರಯಾಸ || te: భయకరమైన పరిస్థితులను ఎదుర్కొనుటకు చేయుప్రయాస.,shared_synset,,,,,An attempt or effort to move forward from a dire and adverse situation,Endeavor to face fearful situations.,false
B000017,ಧರ್ಮಶಾಸ್ತ್ರಿ,ధర్మశాస్త్రి,dharmaśāstri,dharmaśāstri,,kn: ಯಾರಿಗೆ ಧರ್ಮದ ಬಗೆಗೆ ಚೆನ್ನಾಗಿ ತಿಳಿದಿರುತ್ತದೆಯೋ || te: ధర్మ గ్రంధాలు తెలిసిన వ్యక్తి,form_similar,,,,,Who knows well about religion,A person who knows the scriptures,false
B000018,ಪಕಾರಾಂತ,ఫకారాంత,pakārāṁta,phakārāṁta,,kn: ಯಾವುದರ ಅಂತ್ಯ ಪ ಅಕ್ಷರದಿಂದಾಗುತ್ತದೆಯೋ || te: ఏదైనా పదం అంతంలో ఫ అక్షరం వచ్చేటటువంటి,form_similar,,,,,Which ends with the letter p,As the letter f comes at the end of any word,false
B000019,ಟೂರ್ನಮೆಂಟ್,-టోర్నమెంటు,ṭūrnameṁṭ,-ṭōrnameṁṭu,27032,kn: ಆಟದ ಸ್ಪರ್ಧೆಗಳು ಶ್ರೇಣಿಯಲ್ಲಿ ಅಥವಾ ಕ್ರಮದಲ್ಲಿ ನಡೆಯುತ್ತವೆ || te: అనేక మంది పోటిదారుల మధ్య జరిగే ఆటల పోటి.,shared_synset,,,,,Game competitions are held in rank or order,A series of games between many competitors.,false
B000020,ಅಂತರ್ಧಾನ,అంతర్ధానం,aṁtardhāna,aṁtardhānaṁ,,kn: ಯಾವುದಾದರು ವರ್ಗ ಅಥವಾ ಸಮಾಜದ ಒಳಗಿಂದೊಳಗಿರುವ ನಿಶ್ಚಿತವಿಚಾರ ಅಥವಾ ವಿಚಾರ ಸಾಧಾರಣತೆಗಿಂತ ಎತ್ತರಕ್ಕೆ ಹೋಗುವುದಿಲ್ಲ || te: కనిపించకుండా పోవడం,form_similar,,,,,One does not rise above the fixed or ideological mediocrity within a class or society,disappearing,false
B000021,ಕಂಠ-ತಾಲವ್ಯ,కంఠతాలవ్యం,kaṁṭha-tālavya,kaṁṭhatālavyaṁ,16862,kn: ಯಾವುದೋ ಒಂದು ಅಕ್ಷರದ ಉಚ್ಚಾರಣೆಯನ್ನು ಕಂಠ ಮತ್ತು ತಾಲವ್ಯದಿಂದ ಮಾಡುವಂತಹ || te: గొంతు నుండి ఉచ్చరించేవి,shared_synset,,,,,Something like making the pronunciation of a letter with the throat and palate,Pronounced from the throat,false
B000022,ಜರುಗಿಸು,త్రోయు,jarugisu,trōyu,10188,kn: ಯಾವದನ್ನಾದರೂ ಸರಿಸುವಂತೆ ಮಾಡು || te: ఎవరినైన పక్కకు వెళ్ళునట్లు చేయుట,shared_synset,,,,,Make something move,To make someone go aside,false
B000023,ಬುಡದ,బుడగ,buḍada,buḍaga,,kn: ತಳದ ಅಥವಾ ಕೆಳಭಾಗಕ್ಕೆ ಸಂಬಂಧವನ್ನು ಹೊಂದಿರುವಂತಹ || te: గోళాకృతిలో ఉండి లోపల గాలితో నిండి ఉన్న నీటి బుడ్డ,form_similar,,,,,Of or relating to the bottom,A spherical bubble of water filled with air,false
B000024,ಕುಲಾವಿ,మంకీక్యాప్,kulāvi,maṁkīkyāp,7439,"kn: ಒಂದು ತರಹದ ಟೋಪಿ ತಲೆ ಮತ್ತು  ಎರಡು ಕಿವಿಯ ವರೆಗೂ ಬರುವುದು || te: తల, చెవులకు కలిసి వేసుకునే టో పీ",shared_synset,,,,,A kind of cap comes up to the head and two ears,Toe pee worn on the head and ears together,false
B000025,ಜಾಣ್ಮೆಯಿಲ್ಲದ,తెగులు,jāṇmeyillada,tegulu,,,random,,,,,Lacking tact or ingenuity,The body suffers from many conditions,false
B000026,ನಿರ್ದಯ,నిర్ధయి,nirdaya,nirdhayi,2638,"kn: ನಿರ್ದಯಿ ಆಗುವ ಅವಸ್ಥೆ ಅಥವಾ ಭಾವನೆ || te: దయ, కనికరం, ప్రేమ లేని భావన.",shared_synset,,,,,The state or feeling of being ruthless,"A sense of kindness, compassion, love.",false
B000027,ಗೌಪ್ಯ-ದಾನ,మరుగుదానం,gaupya-dāna,marugudānaṁ,116,kn: ಗುಪ್ತವಾದ ರೂಪದಲ್ಲಿ ಮಾಡುವಂತಹ ದಾನ || te: ఎవరికీ తెలియకుండా చేసే దానం/కుడి చెయ్యి చేసే దానం ఎడమచేతికి తెలియనియ్యకపోవడం,shared_synset,,,,,Charity in hidden form,Donation done without anyone's knowledge/Donation done by the right hand is unknown to the left hand,false
B000028,ಪುಷ್ಪಗುಚ್ಛ,పుష్పగుచ్ఛం,puṣpaguccha,puṣpagucchaṁ,,kn: ಹೂಗಳಿಂದ ತುಂಬಿರುವಂತಹ ಅಂಜಲಿ ಅಥವಾ ಗುಚ್ಛ ಅದನ್ನು ದೇವರು ಅಥವಾ ಮಹಾನ್ ವ್ಯಕ್ತಿಗಳಿಗೆ ಅರ್ಪಿಸಲಾಗುತ್ತದೆ || te: కొన్ని కాడలున్న పువ్వుల్ని దగ్గరచేర్చి పట్టుకోవడానికి వీలుగా దారంతో కట్టిన గుచ్ఛం.,form_similar,,,,,Anjali or bunch full of flowers is offered to gods or great persons,A bouquet tied with thread to hold the flowers with few stems close.,false
B000029,ಕರುಣ,కరుణ,karuṇa,karuṇa,,kn: ಅನುಕಂಪ ಅಥವಾ ದಯೆಯನ್ನು ತೋರುವ ಕ್ರಿಯೆ || te: ఇతరుల పట్ల సానుభూతి కలిగి ఉండే భావన,form_similar,,,,,The act of showing pity or kindness,A sense of empathy for others,false
B000030,ಸಿಗರೇಟ್,సిగరెట్,sigarēṭ,sigareṭ,7681,"kn: ಸೇದಲು ಅನುಕೂಲವಾಗುವಂತೆ ಕಾಗದದ ಸುರುಳಿಯಲ್ಲಿ ಸುತ್ತಿದ ತಂಬಾಕಿನ ಪುಡಿ ತುಂಬಿದ್ದು, ಮತ್ತು ಅದರ ಹೊಗೆಯನ್ನು ಕುಡಿಯುತ್ತಾರೆ || te: కాగితముతో తయారైన పొగాకుతో నిండిన వస్తువు దీని పొగను అందరు తాగుతారు.",shared_synset,,,,,"A roll of paper is filled with tobacco powder to facilitate smoking, and the smoke is smoked","A tobacco-filled object made of paper, the smoke of which is smoked by all.",false
B000031,ವಿಶೇಷಣಯುಕ್ತವಾದ,విశేషణాయుక్తమైన,viśēṣaṇayuktavāda,viśēṣaṇāyuktamaina,31446,kn: ಯಾವುದಾದರು ವಿಶೇಷಣದಿಂದ ಕೂಡಿರುವಂತಹ || te: అన్నింటిలోనూ వేరుగా కనిపించడం,shared_synset,,,,,Some are adjectives,Being different in everything,false
B000032,ಅಪ್ರಸಿದ್ದ,అప్రసిద్ధం,aprasidda,aprasiddhaṁ,2266,kn: ಪ್ರಸಿದ್ಧಿಗೆ ಬಾರದೇ ಇರುವ ಸ್ಥಿತಿ ಅಥವಾ ನಿಜವಾದ ಪ್ರತಿಭೆ ಶಕ್ತಿ ಇದ್ದರೂ ಗುರುತಿಸುವಿಕೆ ಇಲ್ಲದಿರುವುದು || te: ప్రాముఖ్యత లేకపోవటం.,shared_synset,,,,,A state of not being famous or not being recognized despite having real talent power,Lack of importance.,false
B000033,ವಾಮಪಂಥಿ,వామపక్షం,vāmapaṁthi,vāmapakṣaṁ,10475,kn: ಯಾವುದೇ ವಿಷಯವಾದರು ತುಂಬಾ ಕೋಪ ವ್ಯಕ್ತಪಡಿಸುವವರ ಸಿದ್ಧಾಂತ || te: ఉగ్రవాదులవైపు వుండటం,shared_synset,,,,,The doctrine of those who express too much anger at any subject,Being on the side of terrorists,false
B000034,ಕರಾರುವಕ್ಕಾದ,ద్వీపసంబంధమైన,karāruvakkāda,dvīpasaṁbaṁdhamaina,,,random,,,,,"Who has harshness, harshness, anger, talkativeness etc. instead of soft, sweet, sweet etc. or someone's tendency is not soft.",Belonging to the island,false
B000035,ಸ್ತ್ರೀ,స్త్రీ,strī,strī,13880,kn: ಹೆಣ್ಣು ಜಾತಿ || te: ఆడ జాతికి సంబంధించిన ప్రాణులు.,shared_synset,,,,,female caste,Animals of the female race.,false
B000036,ವಿಜಯಿ,విజయదుర్గ,vijayi,vijayadurga,4404,kn: ಒಬ್ಬ ದೇವತೆಯು ಅನೇಕ ರಾಕ್ಷಸರನ್ನು ಸಂಹರಿಸಿದಳು ಮತ್ತು ಅವಳನ್ನು ಆದಿಶಕ್ತಿ ಎಂದು ನಂಬಲಾಗುತ್ತದೆ || te: సింహాన్ని వాహనంగా కలిగిన దేవత,shared_synset,,,,,A goddess killed many demons and is believed to be Adishakti,A deity with a lion as his vehicle,false
B000037,ಸ್ವ-ಜಾತೀಯ,సజాతీయ,sva-jātīya,sajātīya,192,kn: ಒಂದೇ ಜಾತಿಗೆ ಅಥವಾ ವರ್ಗಕ್ಕೆ ಸೇರಿದ್ದು || te: ఒకే జాతికి చెందిన.,shared_synset,,,,,Belonging to the same caste or class,of the same race.,false
B000038,ಜಾಟ್,స్మరణ,jāṭ,smaraṇa,,,random,,,,,A caste that makes a living by killing animals and birds,The knowledge of remembering.,false
B000039,ಸುಲಭವಾಗಿ,సులభము,sulabhavāgi,sulabhamu,3695,kn: ಸುಲಭವಾಗುವಂತಹ ಸ್ಥಿತಿ ಅಥವಾ ಭಾವ || te: తేలికగా ఉండటం.,shared_synset,,,,,The state or feeling of being easy,Being easy.,false
B000040,ಧನಸ್ಸು-ರಾಶಿ,ధనూరాశి,dhanassu-rāśi,dhanūrāśi,355,kn: ಜ್ಯೋತಿಷ್ಚಕ್ರದಲ್ಲಿ ಕುದುರೆ ದೇಹ ಹೆಣ್ಣಿನ ಮುಖವಿರುವ ಹೆಣ್ಣು ಬಿಲ್ಲು ಹಿಡಿದಿರುವ ಚಿತ್ರವಿರುವ ಒಂಬತ್ತನೇ ರಾಶಿ || te: రాశులలో తొమ్మిదవది మరియు బాణము బొమ్మ కలిగిన రాశి.,shared_synset,,,,,Ninth Rashi in Jyotishchakra with horse body female face female figure holding bow,Ninth of the signs and the sign bearing the arrow.,false
B000041,ಕಸರತ್ತು,కసరత్తు,kasarattu,kasarattu,5939,kn: ಬಲ/ಶಕ್ತಿಯನ್ನು ಹೆಚ್ಚಿಸಿಕೊಳ್ಳುವ ಉದ್ದೇಶದಿಂದ ಮಾಡುವಂತಹ ಶಾರೀರಿಕವಾದ ಶ್ರಮ || te: శరీర నిర్మాణం భలిష్టంగా తయారవ్వడానికి చేసే పని,shared_synset,,,,,Physical exertion done with the intention of increasing strength/power,Work done to make body structure stronger,false
B000042,ಚರಣಾಮೃತ,చరణామృతం,caraṇāmr̥ta,caraṇāmr̥taṁ,,"kn: ಪೂಜ್ಯ ವ್ಯಕ್ತಿಗಳ ಚರಣವನ್ನು ತೊಳೆದ ನೀರು || te: పాలు, పెరుగు, నెయ్యు, అరటిపండు మొదలగువాటితో నైవేద్యానికి చేసేది",form_similar,,,,,The water that washed the feet of the venerable persons,"It is made with milk, curd, ghee, banana etc",false
B000043,ಮಂಗಳದಾಯಕವಾದಂತ,శుభకరమైన,maṁgaḷadāyakavādaṁta,śubhakaramaina,2453,kn: ಕಲ್ಯಾಣಕೆಲಸಗಳನ್ನು ಮಾಡವಂತಹ || te: మంచి చెయు.,shared_synset,,,,,Like doing welfare works,do good,false
B000044,ಭಿಕ್ಷೆ,భిక్ష,bhikṣe,bhikṣa,28959,kn: ಧೈನ್ಯದಿಂದ ಏನನ್ನಾದರೂ ಕೇಳುವ ಕ್ರಿಯೆ || te: దీనంగా ఏదైనా అడగడం,shared_synset,,,,,The act of humbly asking for something,Asking for something mean,false
B000045,ಯುದ್ಧಗ್ರಸ್ತವಾದಂತಹ,యుద్ధగ్రస్తమైన,yuddhagrastavādaṁtaha,yuddhagrastamaina,35413,kn: ಯಾವುದು ಯುದ್ಧದಿಂದ ಕಾಡಲ್ಪಟ್ಟಿದೆಯೋ || te: రెండు దేశాల మధ్య పోరాటం సంభవించడం,shared_synset,,,,,Which is haunted by war,A fight between two countries,false
B000046,ರೇಷ್ಮೆಯಂತ,నిగనిగలాడెడు,rēṣmeyaṁta,niganigalāḍeḍu,6650,kn: ರೇಷ್ಮೆಯಂತೆ ಮೃದುವಾದ ಹಾಗೂ ಹೊಳೆಯುವ || te: పట్టులా నున్నగా మరియు మృదువుగా ఉండునది.,shared_synset,,,,,Silky smooth and shiny,Silky smooth and soft.,false
B000047,ಪಾಷಾಣ,పాషాణం,pāṣāṇa,pāṣāṇaṁ,,"kn: ಭೂಮಿಯ ಮೇಲೆ ಕಠೋರ ಗುಂಡು ಅಥವಾ ಕಲ್ಲಿನ ಪುಡಿ, ಮರಳು ಇತ್ಯಾದಿಗಳು ಒಂದುಗೂಡವುದರಿಂದ ಆಗುವುದು || te: ఒక రకమైన ఉపధాతువు చాలా తీవ్రమైన విషంకలిగినది",form_similar,,,,,"It is caused by the coalescence of hard shot or stone powder, sand etc. on earth",One type of sub-mineral is extremely toxic,false
B000048,ತಂಗುವ-ಸ್ಥಳ,శిబిరం,taṁguva-sthaḷa,śibiraṁ,27088,kn: ಶಿಬಿರವನ್ನು ನಡೆಸುವ ಸ್ಥಳ || te: -టెంటు వేసుకొని తాత్కాలికంగా కొద్ది రోజులు గడిపే స్థలం.,shared_synset,,,,,Place where the camp is held,-A place to temporarily spend a few days with a tent.,false
B000049,ವ್ಯವಸ್ಥಿತವಾದಂತಹ,అమర్చబడిన,vyavasthitavādaṁtaha,amarcabaḍina,15864,kn: ಯಾವುದನ್ನು ವ್ಯವಸ್ಥೆ ಮಾಡಲಾಗಿದೆಯೋ || te: కావాలని సిద్ధం చేసుకోవడం.,shared_synset,,,,,Which is arranged,Prepare to be.,false
B000050,ಗಣನೆ,నూరటం,gaṇane,nūraṭaṁ,,,random,,,,,"A suspicion or notion of merit, excellence, or quality of any kind according to a certain or fixed consensus or measurement.",to dry,false
B000051,ಸನಿಹ,దగ్గరలో,saniha,daggaralō,373,kn: ಯಾವುದೇ ಭೌತಿಕ ವಸ್ತು ಮತ್ತು ಪರಿಕಲ್ಪನಾತ್ಮಕ ವಸ್ತುಗಳ ನಡುವಿನ ಅಂತರ ಕಮ್ಮಿಯಿರುವುದನ್ನು ಸೂಚಿಸುವ ರೀತಿ || te: తక్కువ దూరంలో ఉండడం,shared_synset,,,,,A way of indicating a gap between any physical object and a conceptual object,Staying short,false
B000052,ಕೊಯ್ಯು,కోయు,koyyu,kōyu,9847,kn: ಯಾವುದಾದರು ಅಂಗವನ್ನು ಮೂಲ ವಸ್ತುವಿನಿಂದ ಬೇರೆ ಮಾಡುವುದು || te: మూల వస్తువు యొక్క చిన్నభాగాన్ని వేరు పరచుట.,shared_synset,,,,,Something that separates a part from its parent material,Detach a small part of the original object.,false
B000053,ದುರ್ಗೆ,సింహవాహిని,durge,siṁhavāhini,4404,kn: ಒಬ್ಬ ದೇವತೆಯು ಅನೇಕ ರಾಕ್ಷಸರನ್ನು ಸಂಹರಿಸಿದಳು ಮತ್ತು ಅವಳನ್ನು ಆದಿಶಕ್ತಿ ಎಂದು ನಂಬಲಾಗುತ್ತದೆ || te: సింహాన్ని వాహనంగా కలిగిన దేవత,shared_synset,,,,,A goddess killed many demons and is believed to be Adishakti,A deity with a lion as his vehicle,false
B000054,ಹಿಂದಿರುಗಿಸುವುದಿಲ್ಲ,సుందరుడు,hiṁdirugisuvudilla,suṁdaruḍu,,,random,,,,,A partial or full refund of what was paid,He is very beautiful,false
B000055,ಮಾಳಿಗೆ,మాళిగ,māḷige,māḷiga,,"kn: ಕೋಣೆ ಅಥವಾ ಚಾವಣಿಯಿಂದ ಹೊರಬರುತ್ತಿರುವ ನೀರು || te: ఎండ, వాన, చలి నుంచి కాపాడుకోవాడానికి నిర్మించుకునేది",form_similar,,,,,Water leaking from room or ceiling,"It was built to protect from sun, rain and cold",false
B000056,ಕನ್ಯರಾಶಿ,కన్యారాశి,kanyarāśi,kanyārāśi,358,kn: ಜ್ಯೋತಿಷ್ಚಕ್ರದಲ್ಲಿ ಯೌವನದ ಹೆಣ್ಣನ್ನು ಚಿತ್ರವಾಗುಳ್ಳ ರಾಶಿ || te: రాశులలో ఆరవది.,shared_synset,,,,,A sign representing a young woman in the horoscope,Sixth of the signs.,false
B000057,ನಪುಂಸಕತೆ,నపుంసకత్వము,napuṁsakate,napuṁsakatvamu,9224,kn: ನಪುಂಸಕನಾಗುವ ಅವಸ್ಥೆ ಅಥವಾ ಭಾವ || te: పురుష లేక స్త్రీ కాని భావము,shared_synset,,,,,The state or feeling of being eunuch,Neither masculine nor feminine,false
B000058,ಪೌರಾಣಿಕ,-పౌరాణికం,paurāṇika,-paurāṇikaṁ,26728,"kn: ಪುರಾಣಗಳ ಸಮೂಹ ಅಥವಾ ಅದರ ಕಥೆಗಳು ಯಾವುದಾದರು ಸಂಸ್ಕೃತಿ ಮೊದಲಾದವುಗಳನ್ನು ಒಳಗೊಂಡಿರುತ್ತದೆ || te: -ప్రాచీన కాలానికి, సంస్కృతికి  సంబంధించిన కథలు,వీటికి పంచలక్షణాలుంటాయి.",shared_synset,,,,,A collection of myths or its stories that includes something like a culture,"- Stories related to ancient times and culture, which have five characteristics.",false
B000059,ಒರಲು,రోలు,oralu,rōlu,3931,"kn: ಕಟ್ಟಿಗೆ, ಮರದ ಅಥವಾ ಕಲ್ಲಿನ ಆಳವಾದ ಪಾತ್ರೆ ಅದರಲ್ಲಿ ಧಾನ್ಯ ಮೊದಲಾದವುಗಳನ್ನು ಒನಕೆಯಿಂದ ಕುಟ್ಟುತ್ತಾರೆ || te: ఏదైనా ఆకును మొదలగు వాటిని దంచడానికి కావలసినది",shared_synset,,,,,"A deep vessel of wood, wood or stone in which grain is pounded with a sieve",Want to gnaw on any leaf etc,false
B000060,ಅಶರೀರವಾಣಿ,అశరీరవాక్కు,aśarīravāṇi,aśarīravākku,8506,kn: ಆ ಮಾತು ಈಶ್ವರನ ಕಡೆಯಿಂದ ಹೇಳಿರುವಂತಹದ್ದು ಮತ್ತು ಆಕಾಶ ಮಾರ್ಗವಾಗಿ ಕೇಳಿಬರುವಂತಹದ್ದು ಎಂದು ನಂಬಲಾಗುತ್ತದೆ || te: రూపం లేకుండా మాట్లాడటం,shared_synset,,,,,The words are believed to be spoken by God and heard through the sky,Speaking without form,false
B000061,ಆಸ್ಟ್ರಿಯಾ,ఆస్ట్రియా,āsṭriyā,āsṭriyā,,kn: ಆಸ್ಟ್ರಿಯಾದ ಅಥವಾ ಆಸ್ಟ್ರಿಯಾಗೆ ಸಂಬಂಧಿಸಿದ || te: మధ్య ఐరోపా యొక్క ఒక పర్వత దేశం.,form_similar,,,,,Of or relating to Austria,A mountainous country of Central Europe.,false
B000062,ಅಂಬ,ధాత్రి,aṁba,dhātri,2191,kn: ಜನ್ಮ ಪಡೆದ ಸ್ತ್ರೀ || te: మనకు జన్మనించే స్త్రీ,shared_synset,,,,,Born female,The woman who gives birth to us,false
B000063,ಅಮಾನವೀಯವಾದಂತಹ,ఫోటో,amānavīyavādaṁtaha,phōṭō,,,random,,,,,"That which does not have a proper, regular or systematic reason is unreliable or untrustworthy",A picture taken by a camera machine,false
B000064,ಖೈದಿ,ఖైదు,khaidi,khaidu,,kn: ರಾಜ ಮುಂತಾದವರ ಯಶಸ್ಸು ಮತ್ತು ಕೀರ್ತಿಯನ್ನು ವರ್ಣನೆ ಮಾಡುವ ವ್ಯಕ್ತಿ || te: జైలు శిక్ష అనుభవించేవాడు,form_similar,,,,,A person who describes the success and fame of Raja etc,He will serve prison sentence,false
B000065,ಗ್ರಾಮ್ಯವಾದ,గ్రామ్య,grāmyavāda,grāmya,4808,kn: ಗ್ರಾಮದ ಅಥವಾ ಗ್ರಾಮಕ್ಕೆ ಸಂಬಂಧಿಸಿದ || te: పల్లెకు సంబంధించిన,shared_synset,,,,,Of or pertaining to a village,Rural,false
B000066,ಪಡು,పడు,paḍu,paḍu,,kn: ಸೂರ್ಯನು ಮುಳುಗುವ ದಿಕ್ಕು ಅಥವಾ ಪೂರ್ವದ ಎದುರಿನ ದಿಕ್ಕು || te: నివశించడానికి ఉపయోగపడే స్థలము,form_similar,,,,,The direction the sun sets or the direction opposite east,A useful place to live,false
B000067,ಪರಿಚಯವಿರುವ,పరిచయమైన,paricayaviruva,paricayamaina,1415,kn: ಯಾರೋ ಒಬ್ಬರು ಗೊತ್ತಿರುವ ಅಥವಾ ಪರಿಚಯವಿರುವ || te: ఎవ్వరితోనైన ముందే మాట్లాడి ఉండుట.,shared_synset,,,,,Someone you know or are familiar with,Talking to someone before.,false
B000068,ಸೆಳೆತ,కలుపబడిన,seḷeta,kalupabaḍina,,,random,,,,,"The action of rising, falling and receding sea water",Added later,false
B000069,ಸರಿಹೊಂದಿಸುವುದು,పరిష్కరణ,sarihoṁdisuvudu,pariṣkaraṇa,8179,"kn: ಲೋಪ-ದೋಷಗಳನ್ನು ಸರಿಪಡಿಸುವ ಕ್ರಿಯೆ || te: దోషములు, తప్పులను సరిచేయు క్రియ.",shared_synset,,,,,The act of correcting omissions,The act of correcting mistakes.,false
B000070,ನೀರಿನಿಂದ-ತುಂಬಿದಂತ,నీటితో,nīriniṁda-tuṁbidaṁta,nīṭitō,15019,kn: ನೀರಿನಿಂದ ಆವೃತವಾಗಿರುವ || te: దాహమును తీర్చే ముఖ్యమైనదానితో నిండిన,shared_synset,,,,,covered with water,Packed with the essential thirst quencher,false
B000071,ತಪಸಿ,తపస్వీ,tapasi,tapasvī,5929,kn: ತಪಸ್ಸನ್ನು ಮಾಡುವ ವ್ಯಕ್ತಿ || te: తపస్సు చేసే వాడు,shared_synset,,,,,A person who does penance,He who does penance,false
B000072,ಮೂತ್ರ,మూత్ర,mūtra,mūtra,,kn: ಶರೀರದಿಂದ ವಿಸರ್ಜಿತವಾದ ದುರ್ವಾಸನೆಯ ದ್ರವ ವಿಷವುಳ್ಳ ಪದಾರ್ಥ ಜನನೇಂದ್ರಿಯದಿಂದ ಹೊರಬರುತ್ತದೆ || te: రసాయన పదార్థాలలో తయారు చేసే ఒక  ఔషధం,form_similar,,,,,A foul-smelling fluid excreted by the body with a poisonous substance comes out from the genitals,A drug made of chemical substances,false
B000073,ಅಸಭ್ಯವಾದ,అపకృతం,asabhyavāda,apakr̥taṁ,,,random,,,,,Who is not polite,The opposite of good.,false
B000074,ಆಚರಣೆ,ఆచరణ,ācaraṇe,ācaraṇa,,kn: ಯಾವುದೋ ವಸ್ತುವನ್ನು ಉಪಯೋಗಕ್ಕೆ ಬರುವಂತೆ ಮಾಡುವ ಕ್ರಿಯೆ ಅಥವಾ ಭಾವನೆ || te: చెప్పినది చేయడం,form_similar,,,,,The act or feeling of making something useful,Doing what is said,false
B000075,ಮಲಿನ,మలిని,malina,malini,,kn: ಯಾವುದು ಸ್ವಚ್ಚವಲ್ಲವೋ ಅಥವಾ ಅದರಲ್ಲಿ ದೋಷವಿರುವುದೋ || te: ఆడపిల్లలు పన్నెండు లేదా పదమూడు సంవత్సరాలకు అయ్యేది,form_similar,,,,,What is impure or defective,Girls are twelve or thirteen years old,false
B000076,ಸಂಘರ್ಷದ,సంఘర్షణ,saṁgharṣada,saṁgharṣaṇa,,kn: ಯಾರು ಸಂಘರ್ಷವನ್ನು ಮಾಡುತ್ತಿದ್ದಾರೋ || te: రెండు వస్తువుల మద్య కలిగే రాపిడి.,form_similar,,,,,Who is making the conflict?,Friction between two objects.,false
B000077,ಜಗದೀಶ್ವರಿ,సింహధర,jagadīśvari,siṁhadhara,2190,kn: ಶಿವನ ಹೆಂಡತಿ || te: శివుడి యొక్క భార్య,shared_synset,,,,,Shiva's wife,Consort of Lord Shiva,false
B000078,ನಿಷೇಧಿಸು,పోషకుడు,niṣēdhisu,pōṣakuḍu,,,random,,,,,Imprisonment or imposition of sanctions,Giving food to the poor in the name of the dead,false
B000079,ಬಾಧ್ಯಸ್ತ,బాధ్యత,bādhyasta,bādhyata,,kn: ಹಕ್ಕು ಅಥವಾ ಅಧಿಕಾರ ಇಟ್ಟುಕೊಂಡಿರುವ ವ್ಯಕ್ತಿ || te: పనులను పూర్తి చేయించు విధి,form_similar,,,,,A person who holds a right or authority,It is duty to complete tasks,false
B000080,ಅಪ್ರಮಾಣಿಕನಾದಂತಹ,అప్రమాణికమైన,apramāṇikanādaṁtaha,apramāṇikamaina,22363,kn: ಪ್ರಮಾಣಿಕತೆಯನ್ನು ಹೊಂದಿಲ್ಲದಂತಹ || te: నిజం లేనటువంటి,shared_synset,,,,,Uncertified,As if there is no truth,false
B000081,ಶುಭಗಳಿಗೆ,సుభగడియ,śubhagaḷige,subhagaḍiya,11172,kn: ಪ್ರಸಿದ್ಧವಾದ ಜೋತಿಷಿಗಳ ಅನುಸಾರವಾಗಿ ನೀಡಿರುವ ಸಮಯದಲ್ಲಿ ಯಾವುದಾದರು ಶುಭ ಕೆಲಸವನ್ನು ಮಾಡುವಂತಹದ್ದು || te: జ్యోతిష్యున్ని అనుసరించి శుభకార్యం ఎప్పుడు చేయాలో తెలుసుకోవడం,shared_synset,,,,,According to famous astrologers something will do auspicious work at a given time,Follow astrologer to know when to do auspicious work,false
B000082,ಮಂಡಲ,మండలి,maṁḍala,maṁḍali,,kn: ಪ್ರಾಂತ್ಯ ಮೊದಲಾದವುಗಳ ವಿಭಾಗ ಅದು ಒಂದು ವಿಶೇಷ ಅಧಿಕಾರಿಯ ಅಧೀನದಲ್ಲಿರುತ್ತದೆ ಮತ್ತು ಅದು ಜಿಲ್ಲೆಗಳಾಗಿ ವಿಭಜನೆಯಾಗುತ್ತದೆ || te: ఏదైన కార్యం లేద ఉద్దేశం కోసం గుమి కూడిన సమూహం.,form_similar,,,,,A division of a province which is under a special officer and which is divided into districts,A group assembled for some purpose or action.,false
B000083,ಅಭಿವೃದ್ಧಿಯೊಂದಿದ,అభివృద్ధిచెందిన,abhivr̥ddhiyoṁdida,abhivr̥ddhiceṁdina,,"kn: ವೃದ್ಧಿಹೊಂದಿದಂತಹ ಅಥವಾ ಬೆಳೆದಂತಹ || te: ఆర్థికంగా, మరియు అన్ని రంగాలలో ఉన్నత స్థితిలో ఉండటం.",form_similar,,,,,Grown or raised,"Financially, and being in a superior position in all spheres.",false
B000084,ಜೀವದ್ರವ್ಯ,జీవద్రవ్యం,jīvadravya,jīvadravyaṁ,575,kn: ಜೀವ ಕೋಶದ ಒಳಗಿರುವ ಪದಾರ್ಥ || te: కణాలలో ఉన్న జీవపదార్థం,shared_synset,,,,,A substance inside a living cell,Biomass in cells,false
B000085,ಅನೀಶ,కుందుడు,anīśa,kuṁduḍu,2185,kn: ಹಿಂಧೂಗಳ ಪ್ರಕಾರ  ಸೃಷ್ಟಿಯನ್ನು ಪಾಲನೆ ಮಾಡುತ್ತಿರುವುದು ಒಬ್ಬನೇ ದೇವರು || te: హిందువుల విశ్వాసం ప్రకారం దశావతారాలుగల దేవుడు,shared_synset,,,,,"According to Hindus, there is only one God who sustains creation","According to the Hindu belief, the God of Dashavatars",false
B000086,ಸೆಕೆಗಾಲದ,ఎండాకాలం,sekegālada,eṁḍākālaṁ,4856,kn: ವರ್ಷದಲ್ಲಿ ಬರುವ ಆರು ಋತುಗಳಲ್ಲಿ ಎರಡನೇ ಋತು || te: ఎండలు ఎక్కువగా ఉండేకాలం.,shared_synset,,,,,The second season of the six seasons that come in a year,When the sun is high.,false
B000087,ಅಂತಸ್ತುಗಳನ್ನುಳ್ಳ,అంతస్థు,aṁtastugaḷannuḷḷa,aṁtasthu,4632,kn: ಒಂದು ಮನೆಯ ಮೇಲೆ ಮತ್ತೊಂದು ಮನೆಯನ್ನು ಕಟ್ಟುವಿಕೆಯ ವಾಸ್ತು ಅಥವಾ ಕಟ್ಟಡದ ಸ್ವರೂಪ || te: ఒకదాని మీద ఒకటి నిర్మించబడిన ఇండ్లు.,shared_synset,,,,,"Vastu or form of building, building one house on top of another",Houses built on top of each other.,false
B000088,ಖರ್ಜೂರ,ఖర్జూరం,kharjūra,kharjūraṁ,,kn: ಖರ್ಜೂರ ಜಾತಿಯ ಒಂದು ಪ್ರಕಾರದ ಸುಂದರ ಮರ ಪ್ರಾಯಶಃ ಅದು ಜಲಾಶಯಗಳ ದಡದಲ್ಲಿ ಇರುತ್ತದೆ || te: ఎడారిలో ఎత్తైన చెట్లకు పండే ఈత పండు జాతికి చెందినది,form_similar,,,,,A beautiful tree of the Kharjura species probably stands on the banks of reservoirs,"It belongs to the genus Ita, which grows on tall trees in the desert",false
B000089,ಅಲ್ಪಪ್ರಾಣ,అల్పప్రాణాలు,alpaprāṇa,alpaprāṇālu,10425,kn: ವ್ಯಂಜನದ ಉಚ್ಚಾರಣೆಯಲ್ಲಿ ಅವಶ್ಯಕತೆಗಿಂತ ಕಡೆಮೆ ಶ್ವಾಸ ಹೊರಬರುತ್ತದೆ || te: ఒత్తి పలికేటటువంటి,shared_synset,,,,,"In the pronunciation of a consonant, the breath comes out less than necessary",Emphasize,false
B000090,ಕಲಸ,కెలస,kalasa,kelasa,,"kn: ಮಂದಿರ ಮೊದಲಾದವುಗಳ ಶಿಖರದ ಮೇಲೆ ಇಡುವಂತಹ ಅಥವಾ ಮಾಡಿರುವಂತಹ ಕಲಸದ ಆಕಾರದ ಸಂರಚನೆ || te: ఉద్యోగం, సేవ జీవితం మొదలైనవాటికోసం చేసే క్రియ",form_similar,,,,,A urn-shaped configuration placed or made on top of something like a temple,"Action for employment, service life etc",false
B000091,ನಿಸ್ಸಹಾಯ,పుండరీకాక్షుడు,nissahāya,puṁḍarīkākṣuḍu,,,random,,,,,A situation in which he could not do what he wanted,Her eyes are like lotuses,false
B000092,ನ್ಯಾಯಿಕ,నాయిక,nyāyika,nāyika,,kn: ನ್ಯಾಯಕ್ಕೆ ಸಂಬಂಧಿಸಿದ ವಿಷಯ || te: నాయకుడి జోడి,form_similar,,,,,A matter of justice,A pair of leaders,false
B000093,ಸಂಕಲಿತ,సంకలియ,saṁkalita,saṁkaliya,,kn: ಒಂದೆಡೆ ಒಟ್ಟಾಗಿರುವುದನ್ನು ಸೂಚಿಸುವುದು || te: ఇనుముతో తయారుచేసిన గొలుసు.,form_similar,,,,,Denoting togetherness on the one hand,A chain made of iron.,false
B000094,ಟನ್,టన్,ṭan,ṭan,,kn: ಆಂಗ್ಲರ ತೂಕದ ಒಂದು ಮಾಪನ || te: గంట మ్రోగుశబ్దం,form_similar,,,,,A measure of English weight,The sound of the bell,false
B000095,ಪಿಚಕಾರಿ,పిచకారి,picakāri,picakāri,6837,"kn: ಬಣ್ಣ ಮೊದಲಾದವನ್ನು ಸಿಂಪಡಿಸಲು ಕೋವಿಯ,ಬಂದೂಕಿನ ಆಕಾರವುಳ್ಳ ಸಿಂಪಡಿಸುವ ಸಾದನ || te: ఏదైనా ద్రవపదార్థం ఒక నాళము గుండా వేగంగా బయటకు వచ్చుట",shared_synset,,,,,A gun-shaped sprayer for spraying paint etc,Any fluid that flows rapidly through a vessel,false
B000096,ಪುಡಿ,పొడి,puḍi,poḍi,509,kn: ಒಂದು ಪ್ರಕಾರದ ಔಷಧಿ ಅದು ಪುಡಿಯ ಅಥವಾ ಹಿಟ್ಟಿನ ರೂಪದಲ್ಲಿ ಇರುತ್ತದೆ || te: ఒక ప్రకారంగా ఔషదచూర్ణము తీసుకోవడంవలన స్వరూపము వస్తుంది.,shared_synset,,,,,One type of medicine is in powder or powder form,"According to one, by taking Aushadachurna, form comes.",false
B000097,ಬೊಮ್ಮನ್,బొమ్మ,bomman,bomma,,kn: ಬ್ರಹ್ಮಣರನ್ನು ಕುರಿತು ಬಳಸುವ ನಿಂದಾರ್ಥಿ ಶಬ್ದ || te: మట్టితో తయారుచేసిన ఆకృతులు,form_similar,,,,,A derogatory term used for Brahmins,Shapes made of clay,false
B000098,ಶೂರ,సాహసవంతుడు,śūra,sāhasavaṁtuḍu,1768,kn: ಧೈರ್ಯಶಾಲಿಯಾದ ಮತ್ತು ದೃಧವಾದ ಮೈಕಟ್ಟನು ಹೊಂದಿದ ಸಾಮಾನ್ಯರಿಗಿಂತ ಹೆಚ್ಚು ಬಲಶಾಲಿಯಾದ ವ್ಯಕ್ತಿ || te: ధైర్యంతో సాహసం చేయు వ్యక్తి,shared_synset,,,,,A person stronger than the common man with a brave and strong build,An adventurous person,false
B000099,ಖಾನ್,ఖాన్,khān,khān,11965,kn: ಪಠಾನ್ ಜಾತಿಗೆ ಸೇರಿ ವ್ಯಕ್ತಿ || te: పఠాన్ జాతిలోని ఒక ఉద్యోగి,shared_synset,,,,,A person belonging to the Pathan caste,An employee of the Pathan caste,false
B000100,ಸದನ,సదనం,sadana,sadanaṁ,,"kn: ಮನುಷ್ಯರು ವಾಸಮಾಡಲು ಕಟ್ಟಿಕೊಂಡ ಸೂರು ಅಥವಾ ಮನುಷ್ಯರು ವಾಸಮಾಡುವ ಸ್ಥಳ || te: ఎండ, వాన, చలి నుంచి కాపాడుకోవాడానికి నిర్మించుకునేది",form_similar,,,,,A roof built for human habitation or a place where humans live,"It was built to protect from sun, rain and cold",false
B000101,ಅತ್ಯಧಿಕವಾದಂತ,అత్యధికమైన,atyadhikavādaṁta,atyadhikamaina,2090,kn: ಯಾವುದಾದರೂ ನಿರ್ದಿಷ್ಟ ಸಂಖ್ಯಾ ಪ್ರಮಾಣಕ್ಕಿಂತ ಹೆಚ್ಚಾಗಿರುವ ಪ್ರಮಾಣ || te: మిక్కిలి ఎక్కువ.,shared_synset,,,,,A quantity greater than a certain numerical quantity,Too much.,false
B000102,ಪದ-ಹೇಳು,గేయం,pada-hēḷu,gēyaṁ,236,"kn: ರಾಗ, ತಾಳ ಮತ್ತು ಲಯಗಳ ಜೊತೆಗೂಡಿ ಬಾಯಿಯಿಂದ ಬರುವ ಶಾಬ್ದಿಕ ಸಂವಹನದ ಪ್ರಕ್ರಿಯೆ || te: రాగం, తాళం, పల్లవులను కలిగి ఉండేది",shared_synset,,,,,"The process of verbal communication through the mouth accompanied by raga, tala and laya","It consisted of raga, talam and pallava",false
B000103,ಪರ್ವಗಾಮಿ,స్పర్శించిన,parvagāmi,sparśiṁcina,,,random,,,,,Intercourse is also done on the day of the festival,touched,false
B000104,ಅವಿಶ್ವಾಸಿ,అవిశ్వాసమైన,aviśvāsi,aviśvāsamaina,1323,kn: ವಿಶ್ವಾಸಕ್ಕೆ ಅರ್ಹನಲ್ಲದವನು ಅಥವಾ ನಂಬಿಕೆಗೆ ಅರ್ಹನಲ್ಲದವ || te: విశ్వాసం లేని,shared_synset,,,,,Untrustworthy or untrustworthy,Faithless,false
B000105,ವಾಮನಾ,వామన,vāmanā,vāmana,22217,kn: ಒಬ್ಬ ಅಪ್ಸರಾ || te: ఒక అప్సరస,shared_synset,,,,,An apsara,A nymph,false
B000106,ಚಿನ್ನದ,చిన్నది,cinnada,cinnadi,,kn: ಬಂಗಾರದಿಂದ ಮಾಡಿದಂತಹ || te: పెద్దది కానిది,form_similar,,,,,Like made of gold,Not a big one,false
B000107,ರಾಜಿನಾಮೆ,వీక్షించదగిన,rājināme,vīkṣiṁcadagina,,,random,,,,,A point equidistant,viewable,false
B000108,ಸ್ವಾದಿಷ್ಟವಾದಂತ,స్వాధిష్టమైన,svādiṣṭavādaṁta,svādhiṣṭamaina,3705,kn: ಯಾವುದೇ ಪದಾರ್ಥದ ರುಚಿ ಉತ್ತಮವಾಗಿರುವುದು || te: మళ్ళి మళ్ళి తినాలనిపించేలా ఉండటం,shared_synset,,,,,Any ingredient tastes good,A desire to eat again and again,false
B000109,ಹಸ್ತ,హస్తా,hasta,hastā,11287,kn: ಎಪ್ಪತ್ತೇಳು ನಕ್ಷತ್ರಗಳಲ್ಲಿ ಹದಿಮೂರನೇ ನಕ್ಷತ್ರ || te: ఇరవై ఏడు నక్షత్రాలలో పదమూడవది,shared_synset,,,,,Thirteenth of the seventy seven stars,Thirteenth of the twenty-seven stars,false
B000110,ದೀನಬಂಧು,ఆదికర్త,dīnabaṁdhu,ādikarta,47,kn: ಧರ್ಮ ಗ್ರಂಥಗಳ ಪ್ರಕಾರ ಅವರು ಶೇಷ್ಠ ಸತ್ಯ ಸೃಷ್ಟಿಯಲ್ಲಿ ಗೌರವಸಲು ಪಡುವರು || te: ధర్మగ్రంధం ప్రకారం సృష్టిని సృష్టించి తన అదుపాజ్ఞలలో పెట్టుకునేవాడు,shared_synset,,,,,"According to the scriptures, he is to be honored in the creation of the ultimate truth","According to the scriptures, he creates creation and puts it in his precepts",false
B000111,ಹಲ್ಲು,హల్లు,hallu,hallu,,"kn: ಜೀವಿಗಳ ಬಾಯಲ್ಲಿ ಮೊಳಕೆಯ ರೂಪದಲ್ಲಿ ದವಡೆಯ ಕೆಳ-ಮೇಲ್ಭಾಗದಲ್ಲಿ ಸಾಲಾಗಿ ಬೆಳೆದ ಹಲ್ಲಿನಿಂದ ಏನನ್ನಾದರೂ ತಿನ್ನುವರು, ತಿಂಡಿಯನ್ನು ಜಗಿಯುವರು || te: స్వరం కలవని శుద్ధ వ్యంజనం",form_similar,,,,,"In the mouth of the creature in the form of a bud in the lower-upper part of the jaw, something is eaten by a row of teeth, chewing the food.",A pure unvoiced consonance,false
B000112,ಆಮ್ಲ,ఆమ్లిక,āmla,āmlika,638,kn: ನೀರಿನಲ್ಲಿ ಹುಳಿಯನ್ನು || te: ఒక పుల్లని క్షార లవణం కలిగిన ద్రవ పదార్థం.,shared_synset,,,,,Sour in water,A liquid substance containing an acid base salt.,false
B000113,ಸಂಖ್ಯಾ-ಶಾಸ್ತ್ರ,సంఖ్యాశాస్త్రం,saṁkhyā-śāstra,saṁkhyāśāstraṁ,,kn: ಮಾನವನ ಜೀವನದ ಮೇಲೆ ಆಗುವಂತಹ ಸಂಖ್ಯೆಗಳ ನಿಗೂಢ ಪ್ರಭಾವಕ್ಕೆ ಸಂಬಂಧಿಸಿದ  ಶಾಸ್ತ್ರ || te: సంఖ్యలు గురించి తెలిపే శాస్త్రం,form_similar,,,,,A science related to the mysterious influence of numbers on human life,The science of numbers,false
B000114,ಮುಳುಗುತ್ತಿರುವಂತ,నత్తివాడు,muḷuguttiruvaṁta,nattivāḍu,,,random,,,,,Sunset is approaching,A person who speaks indistinctly,false
B000115,ಆವೀಕರಣ,ఆవిరైన,āvīkaraṇa,āviraina,12349,kn: ಸುಲಭವಾಗಿ ಆವಿಯಾಗಿ ಬದಲಾಗುವಂತಹ || te: కరిగిపోవడం,shared_synset,,,,,Easily vaporized,dissolution,false
B000116,ಯುದ್ಧರಂಗ,రూపకాలంకారరహితమైన,yuddharaṁga,rūpakālaṁkārarahitamaina,,,random,,,,,A place where two states or two countries fight each other for reasons such as for power or to conquer and occupy the other,An embellishment that contradicts the allegory,false
B000117,ಮೂತ್ರನಾಳ,మూత్రమార్గం,mūtranāḷa,mūtramārgaṁ,32103,kn: ಮೂತ್ರ ಹೊರಬರುವ ಸ್ಥಾನ || te: మూత్రం రావడంలో సమస్య,shared_synset,,,,,Urinary outlet,Problem passing urine,false
B000118,ಸುಕುಮಾರತೆ,సుకుమారం,sukumārate,sukumāraṁ,11207,kn: ಸುಕುಮಾರ ಅಥವಾ ನಾಜೂಕಾಗುವ ಅವಸ್ಥೆ ಅಥವಾ ಭಾವ || te: నాజూకుతనం,shared_synset,,,,,The state or mood of becoming sukumar or delicate,fragility,false
B000119,ತೆರಪು,తెరచు,terapu,teracu,,kn: ಯಾವುದೇ ಒಂದು ಪೂರ್ಣಾವಧಿಯ ಮಧ್ಯದ ಅವಧಿಯ ವಿರಾಮ || te: మూసిఉన్న దానిని తీయడం.,form_similar,,,,,Any one full term mid-term break,Picking up something closed.,false
B000120,ವಿದೇಶೀಯಂತಹ,విదేశీయ,vidēśīyaṁtaha,vidēśīya,198,kn: ಬೇರೆ ದೇಶಕ್ಕೆ ಸೇರಿದ್ದು || te: మన దేశము కానిది.,shared_synset,,,,,Belongs to another country,Not our country.,false
B000121,ಭವನ,భావన,bhavana,bhāvana,,"kn: ಇಟ್ಟಿಗೆ ಕಲ್ಲು, ಮರ ಮುಂತಾದವುಗಳಿಂದ ಕಟ್ಟಿದ ಕಟ್ಟಡದಲ್ಲಿ ಮೇಲ್ ಚಾವಣೆ ಮತ್ತು ಗೋಡೆ ಇರುವುದು || te: అనుభవం మరియు స్మృతి నుండి మనసుకు కలిగేవి",form_similar,,,,,"A building made of brick, stone, wood, etc. has a roof and a wall",What comes to the mind from experience and memory,false
B000122,ಸ್ನೇಹಿತ,సంగడీడు,snēhita,saṁgaḍīḍu,715,kn: ಪರಸ್ಪರ ಒಬ್ಬರಿಗೊಬ್ಬರು ಆಪ್ತರಾಗಿ ವಯಕ್ತಿಕ ವಿಷಯಗಳನ್ನು ಹಂಚಿಕೊಳ್ಳುವಷ್ಟು ಪರಸ್ಪರ ಕಷ್ಟಗಳಲ್ಲಿ ಭಾಗಿಯಾಗುವಷ್ಟು ಹತ್ತಿರವಾದವರು || te: మైత్రికలవాడు,shared_synset,,,,,Close enough to share personal matters with each other and share in each other's difficulties.,Maitrikalava,false
B000123,ಸರಿಯಾದ,సార్థకమైన,sariyāda,sārthakamaina,3846,kn: ಯಾವುದು ತನ್ನ ಸರಿಯಾದ ಅರ್ಥದಲ್ಲಿ ಪೂರ್ಣವಾಗಿ ರಚಿಸಿದ ಅಥವಾ ನಿರ್ಮಿತವಾಗಿರುತ್ತದೆಯೋ (ಉಕ್ತಿ ಅಥವಾ ಹೇಳಿಕೆ) || te: అర్ధమవడం,shared_synset,,,,,What is fully formed or constructed in its proper sense (an utterance or statement).,to understand,false
B000124,ಅನುರಕ್ತಿ,అనురక్తి,anurakti,anurakti,,"kn: ಸ್ತ್ರೀ ಮತ್ತು ಪುರಷರ ನಡುವಣ ಉಂಟಾಗುವ ಶೃಂಗಾರ ರೂಪದ, ಭಾವಾವಸ್ಥೆ || te: బలమైన అభిమానం",form_similar,,,,,A state of affection between men and women,A strong fan,false
B000125,ಸೋದರ,సోదరుడు,sōdara,sōdaruḍu,80,kn: ವಯಸ್ಸಿನಲ್ಲಿ ಚಿಕ್ಕವನು || te: సోదరుడు వయసులో చిన్న.,shared_synset,,,,,Younger in age,Brother is younger.,false
B000126,ಅರ್ಕ,ధన్వంతరి,arka,dhanvaṁtari,2186,kn: ನಮ್ಮ ಸೌರಮಂಡಲದಲ್ಲಿ ದೊಡ್ಡ ಮತ್ತು ಜ್ವಾಲೆಯ ಗುಂಡಿನಿಂದ ಎಲ್ಲಾ ಗ್ರಹಕ್ಕು ಬಿಸಿಲು ಮತ್ತು ಬೆಳಕು ಸಿಗುವುದು || te: పగటిపూట వెలుగును ఇచ్చే గ్రహం,shared_synset,,,,,All the planets in our solar system get their sun and light from a large and flaming fireball,A planet that gives light during the day,false
B000127,ಅಲೆಮಾರಿ,యజమానిలేని,alemāri,yajamānilēni,7911,kn: ಯಾರೂ ದಿಕ್ಕಿಲ್ಲದ || te: మంచిచెడులు చూసేవారులేని,shared_synset,,,,,No one has direction,There is no one to see good and bad,false
B000128,ಅಭಿವೃದ್ಧಿ,ఉన్నతి,abhivr̥ddhi,unnati,13475,"kn: ಭಾವನೆ, ಮೌಲ್ಯ, ಮಹತ್ವ ಮುಂತಾದವುಗಳನ್ನು ಮೀರಿ ದೊಡ್ಡದಾದ ಸ್ಥಿತಿ || te: మూల్యం, డబ్బు గౌరవం మొదలైనవి అన్ని పెద్ద మొత్తంలో ఉండటం",shared_synset,,,,,"A state that is greater than emotion, value, significance etc","Value, respect for money etc. are all large sums",false
B000129,ಉಪಕಾರ,ఉపకారం,upakāra,upakāraṁ,,kn: ಯಾವುದೇ ರೀತಿಯ ಹಿತವಾದ ಅಥವಾ ಒಳ್ಳೆಯ ಕೆಲಸವನ್ನು ಅಥವಾ ಕಷ್ಟದ ಕಾಲದಲ್ಲಿ ಇನ್ನೊಬ್ಬರಿಗೆ ಸಹಾಯ ಮಾಡುವಿಕೆ || te: హాని చేయకుండా ఉండుట.,form_similar,,,,,Any kind of pleasant or good deed or helping another in difficult times,Avoid harm.,false
B000130,ಸ್ವಾಗತಿಸುವವ,ఆహ్వానితుడు,svāgatisuvava,āhvānituḍu,11151,kn: ಯಾರೋ ಮಾನ್ಯರು ಅಥವಾ ಪ್ರಿಯವಾದ ವ್ಯಕ್ತಿಗಳು ಬಂದಾಗ ಮುಂದೆ ಹೋಗಿ ಅವರಿಗೆ ಅಭಿವಂದನೆ ಸಲ್ಲಿಸುವುದು || te: పిలుపు అందిన వ్యక్తి,shared_synset,,,,,"When someone respectable or beloved person arrives, go forward and greet them",The person who received the call,false
B000131,ಬೆಕ್ಕಸ,మెకం,bekkasa,mekaṁ,,,random,,,,,A supernatural act (unable to be performed by ordinary humans) that causes awe and wonder.,An animal that is always in the dirt,false
B000132,ಅನ್ಯದೇಶೀಯ,ఇతరదేశీయ,anyadēśīya,itaradēśīya,198,kn: ಬೇರೆ ದೇಶಕ್ಕೆ ಸೇರಿದ್ದು || te: మన దేశము కానిది.,shared_synset,,,,,Belongs to another country,Not our country.,false
B000133,ಸೌಖ್ಯ,సంఖ్య,saukhya,saṁkhya,,kn: ಯಾವುದೇ ಕೆಲಸ ಕಾರ್ಯದಿಂದ ಒಳ್ಳೆಯದಾಗುವುದು || te: లెక్క చూచిక,form_similar,,,,,Any work can be good,Check the calculation,false
B000134,ಮುತ್ತಿನಮಾಲೆ,ముత్యాలమాల,muttinamāle,mutyālamāla,1204,kn: ಮುತ್ತಿನ ಹಾರ ಅಥವಾ ದಾರದಲ್ಲಿ ಮುತ್ತನ್ನು ಪೋಣಿಸಿ ಮಾಡುರುವಂತಹ ಹಾರ || te: ఆల్చిప్పలో పుట్టే విలువైన పూస,shared_synset,,,,,A pearl necklace or necklace with pearls strung on a string,Alchippa is a precious bead,false
B000135,ಗಣಪ,గడప,gaṇapa,gaḍapa,,"kn: ಹಿಂದೂಗಳ ಪ್ರಧಾನ ಮತ್ತು ಅಗ್ರಪೂಜೆಯನ್ನು ಮಾಡುವ ದೇವರು, ಮನುಷ್ಯ ಶರೀರವನ್ನು ಹೊಂದಿದ್ದು ಆನೆಯ ಮುಖವನ್ನು ಹೊಂದಿರುವ ದೆವರು || te: ఇంటి లోపలికి, బయటికి వెళ్ళే దారి",form_similar,,,,,"The main and most worshiped deity of the Hindus, Deva has a human body and an elephant face",The way in and out of the house,false
B000136,ದಹನ-ಕ್ರಿಯೆ,దహనక్రియ,dahana-kriye,dahanakriya,,kn: ಸುಡು ಅಥವಾ ಸುಟ್ಟುಕೊಳ್ಳುವಿಕೆಯ ಕ್ರಿಯೆ ಅಥವಾ ಭಾವ || te: చనిపోయిన వ్యక్తిని కాల్చడం,form_similar,,,,,The act or feeling of burning or burning,Burning the dead,false
B000137,ಮಹೇಂದ್ರ,జనార్ధనుడు,mahēṁdra,janārdhanuḍu,2185,kn: ಹಿಂಧೂಗಳ ಪ್ರಕಾರ  ಸೃಷ್ಟಿಯನ್ನು ಪಾಲನೆ ಮಾಡುತ್ತಿರುವುದು ಒಬ್ಬನೇ ದೇವರು || te: హిందువుల విశ్వాసం ప్రకారం దశావతారాలుగల దేవుడు,shared_synset,,,,,"According to Hindus, there is only one God who sustains creation","According to the Hindu belief, the God of Dashavatars",false
B000138,ಕಾಪರ್,కాపరి,kāpar,kāpari,,"kn: ಕೆಂಪು ಬಣ್ಣದ ಪದಾರ್ಥದ ಲೋಹ ಅದರಿಂದ ಪಾತ್ರೆ, ತಂತಿ ಮೊದಲಾದವುಗಳನ್ನು ಮಾಡುತ್ತಾರೆ || te: ఇతరుల బారినుండి మనల్ని రక్షించుకొనేందు ఏర్పర్చుకొన్న వ్యక్తి.",form_similar,,,,,"A red colored metal, utensils, wire etc. are made from it",A person who is created to protect us from others.,false
B000139,ಕಂಚುಕ,కంచుకీ,kaṁcuka,kaṁcukī,,kn: ಯುದ್ಧದಲ್ಲಿ ರಕ್ಷಣೆಗಾಗಿ ಮೈಗೆ ಹಾಕಿಕೊಳ್ಳುವ ಕವಚ ಅಥವಾ ಹೊದಿಕೆ ಲೋಹ ಮುಂತಾದವುಗಳಿಂದ ಮಾಡಿರುತ್ತಾರೆ || te: అంతఃపురంలో సేవలు చేస్తూ ఉండేవారు,form_similar,,,,,A shield or cover made of metal for protection in battle,They used to perform services in the harem,false
B000140,ಉತ್ಸವ,సంబరం,utsava,saṁbaraṁ,185,kn: ದೈನಂದಿನ ದಿನಚರಿಯ ಮಧ್ಯೆಯೇ ಧಾರ್ಮಿಕವಾಗಿ ಅಥವಾ ಸಾಂಸ್ಕೃತಿಕವಾಗಿ ಬಹುಜನರು ಪಾಲ್ಗೊಂಡು ಸಂಭ್ರಮಿಸುವ ಅಥವಾ ಆಚರಿಸುವ ಒಂದು ವಿಶೇಷವಾದ ದಿನ || te: అది ఒక శుభకార్యం. దాన్ని ఘనంగా జరుపుకుంటారు.,shared_synset,,,,,A special day in the middle of the daily routine that is religiously or culturally celebrated or celebrated by many people.,That is a good thing. It is celebrated grandly.,false
B000141,ಅನುಭವಾತ್ಮಕವಾದಂತ,స్వభావికమైన,anubhavātmakavādaṁta,svabhāvikamaina,17569,kn: ಯಾವುದೇ ಸಿದ್ಧಾಂತದ ಆಧಾರವನ್ನವಲಂಬಿಸಿಸದೆ ವೀಕ್ಷಣ ಹಾಗೂ ಪ್ರಯೋಗಗಳನ್ನೇ ಅವಲಂಬಿಸಿರುವ || te: ప్రయోగకరంగా,shared_synset,,,,,It relies on observation and experiments without relying on any theoretical basis,Experimentally,false
B000142,ಸಿಟ್ಟಾಗು,ఉడుకు,siṭṭāgu,uḍuku,2820,"kn: ಪ್ರಸನ್ನತೆಯಿಂದ ಉದಾಸೀನನಾಗುವ, ಸುಮ್ಮನಾಗುವ ಅಥವಾ ಬೇರೆಯಾಗುವ || te: కోరిక నెరవేరనందుకు ,మాట్లాడకుండా దూరంగా ఉండు స్థితి",shared_synset,,,,,"To become indifferent, placid, or detached from pleasure",A state of staying away from talking because the desire is not fulfilled,false
B000143,ಉತ್ತರಫಾಲ್ಗುಣಿ,ఉత్తరఫాల్గుణం,uttaraphālguṇi,uttaraphālguṇaṁ,,kn: ಚಂದ್ರನು ಉತ್ತರ ಫಾಲ್ಗುಣಿ ನಕ್ಷತ್ರಕ್ಕೆ ಬರುವ ಸಮಯ || te: ఇరవై ఏడు నక్షత్రాలలో ఒకటి,form_similar,,,,,The time when the moon comes to North Falguni Nakshatra,One of the twenty-seven stars,false
B000144,ಜನ್ಮದಿನ,జన్మదినం,janmadina,janmadinaṁ,838,kn: ಯಾವುದಾದರು ಪ್ರಸಿದ್ಧವಾದ ವ್ಯಕ್ತಿಗಳು ಜನ್ಮಿಸಿದ ದಿನವನ್ನು ಪ್ರಾಯಶಃ ಉತ್ಸವದ ರೂಪದಲ್ಲಿ ಆಚರಿಸಲಾಗುತ್ತದೆ || te: ప్రసిద్ద వ్యక్తి యొక్క జన్మదిన వేడుకలు జరుపురోజు,shared_synset,,,,,The birthday of some famous person is probably celebrated in the form of a festival,A day to celebrate a famous person's birthday,false
B000145,ಮುಚ್ಚು,మ్రుచ్చు,muccu,mruccu,,kn: ಕಣ್ಣು ತಪ್ಪಿಸು ಅಥವಾ ಇನ್ನೊಬ್ಬರ ದೃಷ್ಟಿಯಿಂದ ತಪ್ಪಿಸುವುದು || te: మోసం చేయు వ్యక్తి.,form_similar,,,,,Averting eyes or avoiding the sight of another,Cheater.,false
B000146,ಜಗಳ,జగడము,jagaḷa,jagaḍamu,10817,kn: ಭಯಂಕರ ಮತ್ತು ವ್ಯತಿರಿಕ್ತ ಪರಿಸ್ಥಿತಿಯಿಂದ ಹೊರಗೆ ಬಂದು ಮುಂದೆ ಸಾಗಲು ಪಡುವ ಪ್ರಯತ್ನ ಅಥವಾ ಪ್ರಯಾಸ || te: భయకరమైన పరిస్థితులను ఎదుర్కొనుటకు చేయుప్రయాస.,shared_synset,,,,,An attempt or effort to move forward from a dire and adverse situation,Endeavor to face fearful situations.,false
B000147,ಸಫಲವಾದಂತ,విజయవంతముగాగల,saphalavādaṁta,vijayavaṁtamugāgala,3208,kn: ಯಾವುದೇ ಕೆಲಸದಲ್ಲಿ ಗೆಲುವನ್ನು ತರುವಂತಹ ಪ್ರಯತ್ನ ಮಾಡುವುದು || te: అనుకొన్న పనిలో విజయం పొందుట.,shared_synset,,,,,Striving for success in any work,Getting success in the desired work.,false
B000148,ಗಂಟಿ,గంటి,gaṁṭi,gaṁṭi,,"kn: ಸಮಯವನ್ನು ಸೂಚಿಸುವುದಕ್ಕಾಗಿ ಹೊಡೆದುಕೊಳ್ಳುವ ಗಂಟೆ || te: ఏదైనా  తగులుట వలన, పడుటవలన శరీరానికిజరుగు హాని.",form_similar,,,,,A bell struck to indicate the time,Damage to the body due to any collision or fall.,false
B000149,ಸಂದೇಶ,సందేశ,saṁdēśa,saṁdēśa,,"kn: ಮಾತು, ಬರಹ ಅಥವಾ ಸಂಕೇತಗಳನ್ನು ಬಳಸುವ ಮೂಲಕ ಸಂವಹನ ಮಾಡಲ್ಪಟ್ಟ ಮಹತ್ವಪೂರ್ಣ ವಿಷಯ || te: ఒక రకమైన బెంగాల్ మిఠాయి",form_similar,,,,,"Meaningful content communicated using speech, writing or symbols",A type of Bengal sweet,false
B000150,ನಿಕ್ಕರು,నిక్కర్,nikkaru,nikkar,,kn: ಪ್ಯಾಂಟು ಮತ್ತಿತರ ಉಡುಪುಗಳ ಒಳಗಡೆ ತೊಡುವ ಒಂದು ಬಟ್ಟೆ || te: మగవాళ్ళు మోకాళ్ళ వరకు ధరించేది,form_similar,,,,,A garment worn inside trousers and other garments,Men wear it up to the knees,false
B000151,ಇಂದ್ರಜಿತ,మేఘనాధుడు,iṁdrajita,mēghanādhuḍu,6935,kn: ರಾವಣನ ಮಗನು ದೇವರಾಜ ಇಂದ್ರನನ್ನು ಕೂಡ ಪರಾಭವಗೊಳಿಸಿದ್ದನು || te: దేవేంద్రుణ్ణి సైతం పరాజితుని చేసిన రావణుని పుత్రుడు,shared_synset,,,,,Ravana's son also defeated the deva king Indra,He is the son of Ravana who also defeated Devendra,false
B000152,ಉಪವಿಭಾಗ,పరిచ్చేదము,upavibhāga,pariccēdamu,7807,"kn: ನಿಯಮಾವಳಿ, ವಿಧಾನ, ಸಂವಿಧಾನ ಮುಂತಾದವುಗಳ ವಿಶೇಷ ಅಂಗವು ಯಾವುದಾದರೂ ಒಂದು ವಿಶೇಷ ವಿವೇಚನೆಯನ್ನು ಹೊಂದಿರುತ್ತದೆ || te: రాజ్యాంగము మొదలైనవాటిలో ఒక విశిష్ట అంగము ఇందులో ఏదో ఒక విషయము యొక్క విశ్లేషణ జరుగును.",shared_synset,,,,,"A special organ like regulation, procedure, constitution etc. has a special discretion",A special part of constitution etc. in which the analysis of some subject is done.,false
B000153,ಮರಳಿನ,దేశము,maraḷina,dēśamu,,,random,,,,,A sandy area,"A separate territory with a constitution. It consists of regions, cities etc.",false
B000154,ತಕ್ಕುದಾದಂತಹ,మంచువేల్పు,takkudādaṁtaha,maṁcuvēlpu,,,random,,,,,Convenience or comfort,Earth is a rotating planet,false
B000155,ವಿಜಯ,విజయ,vijaya,vijaya,,kn: ಜಗಳ ಅಥವಾ ಆಟ ಮೊದಲಾದವುಗಳಲ್ಲಿ ಶತ್ರು ಅಥವಾ ಎದುರಾಳಿಗಳನ್ನು ಸೋಲಿಸಿಯುವುದರಿಂದ ಪ್ರಾಪ್ತಿಯಾಗುವಂತಹ ಸಫಲತೆ || te: శివుడి యొక్క భార్య,form_similar,,,,,Success achieved by defeating an enemy or opponent in a fight or game,Consort of Lord Shiva,false
B000156,ವಿಶಾಲ,విశాలం,viśāla,viśālaṁ,,"kn: ಅತಿ ಹೆಚ್ಚು ವ್ಯಾಪ್ತಿಯನ್ನು ಹೊಂದಿರುವಂತಹ || te: పొడవు, వెడల్పుమొదలుగునవి.",form_similar,,,,,The one with the highest coverage,"Length, width etc.",false
B000157,ಹಿಮ,హిమిక,hima,himika,2167,kn: ಗಾಳಿಯಲ್ಲಿ ನೀರಿನ ಸಣ್ಣ ಕಣಗಳು ಶೀತದ ರೂಪದಲ್ಲಿ ಒಟ್ಟು ಗೂಡಿ ಭೂಮಿಯ ಮೇಲೆ ನಿಧಾನವಾಗಿ ಬೀಳುವುದು || te: శీతకాలంలో దట్టంగా వ్యాపించే గాలిలోని సూక్ష్మమైన జల కణం,shared_synset,,,,,Small particles of water in the air aggregate in the form of frost and fall slowly on the earth,A fine water particle in the air that is dense in winter,false
B000158,ಗುಪ್ತವಾಗಿರುವಂತಹ,పింగళి,guptavāgiruvaṁtaha,piṁgaḷi,,,random,,,,,Covered or hidden,A green character,false
B000159,ಅವಿವೇಕಿಯಾದಂತ,అవివేకియైన,avivēkiyādaṁta,avivēkiyaina,2516,kn: ವಿವೇಕ ಅಥವಾ ಬುದ್ಧಿ ಇಲ್ಲದವ || te: వివేక జ్ఞానం లేనివారు.,shared_synset,,,,,One without wisdom or intelligence,Those without wisdom.,false
B000160,ಮೇರಿ,మేరీ,mēri,mērī,14095,kn: ಕ್ರೈಸ್ತರ ಪೂಜನೀಯ ತಾಯಿ ಅಥವಾ ಕ್ರೈಸ್ತರಿಂದ ಪೂಜಿಸಲ್ಪಡುವಂತಹ ಮಾತೆ || te: యేసు తల్లి,shared_synset,,,,,A venerable mother of Christians or a word venerated by Christians,Mother of Jesus,false
B000161,ಸಂಶೋಧನೆ,పరిశోధన,saṁśōdhane,pariśōdhana,138,kn: ಯಾವುದೇ ವಿಷಯವನ್ನು ಚೆನ್ನಾಗಿ ಪಿರಿಶೀಲಿಸಿ ಅದರ ಸಂಬಂದವಾಗಿ ಹೊಸ ವಿಷಯ ಅಥವಾ ತತ್ವಗಳನ್ನು ಕಂಡುಹಿಡಿಯುವ ಕ್ರಿಯೆ || te: క్రొత్త విషయాలను కనుగొనుట.,shared_synset,,,,,The act of scrutinizing any subject and discovering new concepts or principles about it,Finding new things.,false
B000162,ಸಂತೃಪ್ತ,సంతృప్తి,saṁtr̥pta,saṁtr̥pti,,kn: ಸಂತುಷ್ಟಿಯನ್ನು ಹೊಂದಿದಂತಹ ಸ್ಥಿತಿ || te: అనుకొన్నది సాధించినప్పుడు కలుగు భావన.,form_similar,,,,,A state of contentment,The feeling of achieving something.,false
B000163,ಋತುಮತಿಯಾಗದಂತಹ,త్వరగారాకపోవు,r̥tumatiyāgadaṁtaha,tvaragārākapōvu,,,random,,,,,A young woman without menstruation,Not attending on time,false
B000164,ಜನ್ಮತಾಳಿದಂತಹ,పరిష్కారం,janmatāḷidaṁtaha,pariṣkāraṁ,,,random,,,,,Relating to incarnation,Finding the correct answer to the question.,false
B000165,ಮಿತ್ಯವಾದ,అబద్ధమాడువాడు,mityavāda,abaddhamāḍuvāḍu,788,kn: ಯಾವುದು ಸುಳ್ಳಿನಿಂದ ಆವೃತವಾಗಿರುವುದೋ || te: నిజం చెప్పనివాడు,shared_synset,,,,,Which is covered with lies,He who does not tell the truth,false
B000166,ಉರುಗ್ವೆಯ,ఉరుగ్వే,urugveya,urugvē,19994,kn: ಉರುಗ್ವೆಗೆ ಸಂಬಂಧಿಸಿದ ಅಥವಾ ಉರುಗ್ವೆಯ || te: ఉరుగ్వే దేశానికి సంబంధించిన,shared_synset,,,,,Of or pertaining to Uruguay,Pertaining to the country of Uruguay,false
B000167,ಮಂದಾಕಿನಿ,మందాకిని,maṁdākini,maṁdākini,,kn: ಭಾರತದ ಒಂದು ಬಹಳ ಮುಖ್ಯವಾದ ನದಿ ಅಥವಾ ಧರ್ಮಗ್ರಂಥಗಳಲ್ಲಿ ಮೋಕ್ಷಸಾಧನೆಗಾಗಿ ಮೀಯಬೇಕಾದ ಪವಿತ್ರ ನದಿ ಎಂದು ಉಲ್ಲೇಖಗೊಂಡಿದೆ || te: అరవై సంవత్సరాలకు పైబడిన స్త్రీ.,form_similar,,,,,A very important river in India or mentioned in the scriptures as a holy river to cross for salvation,A woman over sixty years of age.,false
B000168,ವಿಸ್ಮಯಮೂಡು,అచ్చెరువుపడు,vismayamūḍu,acceruvupaḍu,2429,"kn: ಯಾವುದೇ ವಸ್ತು, ವಿಷಯ, ಸುದ್ದಿ, ಸಮಾಚಾರ, ಇತ್ಯಾದಿಗಳನ್ನು ನೋಡಿದಾಗ ಇಲ್ಲವೇ ಕೇಳಿದಾಗ ಇಲ್ಲವೇ ತಿಳಿದಾಗ ಇಲ್ಲವೇ ಅನುಭವಕ್ಕೆ ಬಂದಾಗ ಮನಸ್ಸಿನಲ್ಲಿ ಹುಟ್ಟುವ ಅನಿಸಿಕೆ ಹೊರಹೊಮ್ಮುವ ಪ್ರಕ್ರಿಯೆ || te: అసాధారణమైన వాటిని చూడగానే మనస్సులో కలిగే భావన.",shared_synset,,,,,"The process by which an impression arises in the mind when seeing or hearing or knowing or experiencing any object, subject, news, information, etc.",A feeling that arises in the mind when one sees something unusual.,false
B000169,ಮಾತನಾಡು,ఉపన్యసించు,mātanāḍu,upanyasiṁcu,1912,kn: ಇಬ್ಬರು ಇಲ್ಲವೇ ಇಬ್ಬರಿಗಿಂತ ಹೆಚ್ಚು ವ್ಯಕ್ತಿಗಳ ನಡುವೆ ನಡೆಯುವ ಮೌಖಿಕ ಸಂವಹನದ ಪ್ರಕ್ರಿಯೆ || te: ముచ్చటలాడు.,shared_synset,,,,,A process of verbal communication between two or more people,He likes it.,false
B000170,ದಿಟವಾದಂತ,సత్యమైన,diṭavādaṁta,satyamaina,3210,kn: ಯಾವುದೇ ಸಂಗತಿಯು ವಾಸ್ತವ ಜಗತ್ತಿನಲ್ಲಿ ನಡೆಯುವಂತಹದ್ದು || te: వాస్తవానికి సంబంధించిన.,shared_synset,,,,,Anything can happen in the real world,Of course.,false
B000171,ಸುಖಾನುಭವ,సుఖానుభవం,sukhānubhava,sukhānubhavaṁ,,kn: ಆ ಅನುಭವ ಸುಖವನ್ನು ನೀಡುವಂತಹದ್ದಾಗಿರುತ್ತದೆ || te: భోగలాలసను అనుభవించే వ్యవహారం,form_similar,,,,,That experience is blissful,An act of indulgence,false
B000172,ನಿವಾಸ,నివాస,nivāsa,nivāsa,,kn: ವಾಸಮಾಡುವ ಕ್ರಿಯೆ || te: నివాసయోగ్యమైన,form_similar,,,,,The act of living,habitable,false
B000173,ಅವಕಾಶ,అవకాశం,avakāśa,avakāśaṁ,,kn: ಯಾವುದೇ ಕರ್ತವ್ಯ ಅಥವಾ ಕಾರ್ಯ ಮಾಡಲು ವಿಶೇಷ ಅನುಮತಿಯ ಆಧಾರದ ಮೇಲೆ ಈ ತನಕ ಇದ್ದ ಕಟ್ಟುನಿಟ್ಟುಗಳನ್ನು ಸಡಿಲಿಸಿ ಅದರ ಬಳಕೆಗೆ ಸ್ವಾತಂತ್ರವನ್ನು ಕೊಡುವುದು || te: అనుకోకుండా వచ్చే అదృష్ట సమయము.,form_similar,,,,,Relaxing the hitherto existing restrictions on the basis of special permission to perform any duty or function and giving freedom to its use,Unexpectedly lucky timing.,false
B000174,ಕೈವಶ,కైవశం,kaivaśa,kaivaśaṁ,,kn: ಬಂಧನಕ್ಕೆ ಒಳಗಾಗುವಿಕೆ || te: ఒకరి చేతినుండి మరొకరి చేతికి ఇచ్చే లేక తీసుకొనే  క్రియ.,form_similar,,,,,Susceptibility to arrest,The act of giving or taking from one's hand to another.,false
B000175,ಅಲ್ಪಾಹಾರಿ,మితాహారి,alpāhāri,mitāhāri,657,kn: ಯಾರು ಕಡಿಮೆ ಆಹಾರವನ್ನು ಸೇವಿಸುತ್ತಾರೋ || te: తక్కువగా తినువాడు.,shared_synset,,,,,Who eats less food,Eater less.,false
B000176,ಭೈರವಿ,భైరవి,bhairavi,bhairavi,,kn: ಭೈರವ ದೇವರ ಆರಾಧನೆಗೆ ಇಲ್ಲವೆ ಪಂಥಕ್ಕೆ  ಇಲ್ಲವೆ ಅ ದೇವರ ಹೆಸರಿನಲ್ಲಿ ಪ್ರಚಲಿತವಿರುವ ವಿಷಯಗಳಿಗೆ ಸಂಬಂಧಿಸಿದ || te: శివుడి యొక్క భార్య,form_similar,,,,,Relating to the worship or sect of God Bhairava or the things prevalent in the name of that God,Consort of Lord Shiva,false
B000177,ಸಂಪ್ರದಾಯವಾಧಿ,అగ్గవగాఉన్న,saṁpradāyavādhi,aggavagāunna,,,random,,,,,One who sees his tradition as very good and another tradition as bad and inferior,Goods are available at low prices,false
B000178,ಕಾಮರಹಿತವಾದಂತಹ,సాగుబడి,kāmarahitavādaṁtaha,sāgubaḍi,,,random,,,,,Absence of libido,Work of farmers.,false
B000179,ಕಲಾಕಾರ,కళాకారుడు,kalākāra,kaḷākāruḍu,4929,kn: ಅ ಕಲೆಗಾರ ಕಲೆಯನ್ನು ಸಿದ್ಧಿಮಾಡಿಕೊಂಡಿದ್ದಾನೆ/ಲಲಿತಕಲೆಗಳನ್ನು ತಿಳಿದವನು || te: కళలను అభ్యసించినవాడు.,shared_synset,,,,,An artist is skilled in art/connoisseur of fine arts,Studied arts.,false
B000180,ಬಹುವಚನ,బహువచనం,bahuvacana,bahuvacanaṁ,18831,kn: ವ್ಯಾಕರಣದಲ್ಲಿ ಒಂದಕ್ಕಿಂತ ಹೆಚ್ಚನ್ನು ಸೂಚಿಸುವಂತಹ || te: వ్యాకరణంలో ఏకవచనానికి వ్యతిరేకార్థం.,shared_synset,,,,,"Grammarly, it means more than one",The opposite of singular in grammar.,false
B000181,ಆತ್ಮ-ಗೌರವ,ఆత్మగౌరవం,ātma-gaurava,ātmagauravaṁ,,kn: ಖಾಸಗಿ ಅಥವಾ ವ್ಯಕ್ತಿಗತ ಗೌರವ || te: వ్యక్తిగత ప్రతిష్ఠ లేక అభిమానం.,form_similar,,,,,A private or personal honor,Personal prestige or admiration.,false
B000182,ಸಮುದಾಯ,పరిషత్తు,samudāya,pariṣattu,2762,kn: ಯಾವುದೇ ವಿಷಯದ ಅಂಗವಾಗಿ ಚರ್ಚೆ ಮಾಡುವುದಕ್ಕೋಸ್ಕರ ಆಯೋಜಿಸಿರುವ ಸಭೆ ಅಥವಾ ಕೂಟ || te: ఏదైన ఒక విషయాన్ని చర్చించడానికి కొంత మంది గుమిగూడినది,shared_synset,,,,,A meeting or gathering organized to discuss any subject,A gathering of people to discuss something,false
B000183,ಶೃಂಗಾರ,శృంగారం,śr̥ṁgāra,śr̥ṁgāraṁ,,kn: ಶೋಭಾಯಮಾನವಾಗುವ ಅವಸ್ಥೆ/ಸ್ಥಿತಿ ಅಥವಾ ಭಾವ || te: మనిషిలో  వుండే చెడు గుణాలు,form_similar,,,,,A state or state of feeling blessed,Bad qualities in man,false
B000184,ಕೊಡುವಾತ,యాజన్యము,koḍuvāta,yājanyamu,,,random,,,,,One who gives or donates something,The act of putting ghee in the fire by mantra,false
B000185,ಪ್ರಾರಂಭಿಸು,ఆరంభించు,prāraṁbhisu,āraṁbhiṁcu,4704,kn: ಯಾವುದಾದರು ಕಾರ್ಯ ಶುರುವಾಗುವುದು || te: ఏదైనా పనికి నాంది పలికే  పద్ధతి.,shared_synset,,,,,Something will start working,A method of beginning any work.,false
B000186,ಸಲೀಲ-ಯೋನಿ,నాభిజన్ముడు,salīla-yōni,nābhijanmuḍu,2198,kn: ಹಿಂದೂಗಳು ಒಬ್ಬ ದೇವನು  ಸೃಷ್ಟಿಯನ್ನು ನಿರ್ಮಿಸಿದ್ದಾರೆಂದು ನಂಬಿರುವರು || te: హిందు ధర్మం ప్రకారం సృష్టికర్త,shared_synset,,,,,Hindus believe that one God created creation,Creator according to Hinduism,false
B000187,ಭೂವಿಜ್ಞಾನದ,భూవిజ్ఞానం,bhūvijñānada,bhūvijñānaṁ,,kn: ಭೂವಿಜ್ಞಾನ ಅಥವಾ ಭೂವಿಜ್ಞಾನಕ್ಕೆ ಸಂಬಂಧಿಸಿದ || te: పుడమిని గురించి తెలియజేసేది,form_similar,,,,,Of or relating to geology,About Pudamini,false
B000188,ಜನ್ಮದಾತ್ರಿ,సుతిని,janmadātri,sutini,2191,kn: ಜನ್ಮ ಪಡೆದ ಸ್ತ್ರೀ || te: మనకు జన్మనించే స్త్రీ,shared_synset,,,,,Born female,The woman who gives birth to us,false
B000189,ಜೀವನಚಕ್ರ,జీవనచక్రం,jīvanacakra,jīvanacakraṁ,10583,kn: ಜನ್ಮ ಪಡೆದಾಗಿನಿಂದ ಸಾಯುವವರೆಗೆ ವಿಭಿನ್ನ ಸ್ಥಿತಿಯ ಸರಪಳಿ ಅಥವಾ ಕ್ರಮ || te: పుట్టినప్పటి నుండి  మరణించువరకు జీవితములోని వివిధ స్థితులు.,shared_synset,,,,,A chain or sequence of different states from birth to death,Different stages of life from birth to death.,false
B000190,ಟೇಬಲ್ಲು,సులభంగా,ṭēballu,sulabhaṁgā,,,random,,,,,"Various materials such as metal, wood etc. can be cut, carved and shaped on a wooden blade",without effort,false
B000191,ತಮಾಷೆಯ,వికారమైన,tamāṣeya,vikāramaina,4062,kn: ನಗುವನ್ನು ಉತ್ಪತ್ತಿ ಮಾಡುವವ || te: హాస్యము ఉత్పన్నము చేయునది.,shared_synset,,,,,The one who produces laughter,Humor is generative.,false
B000192,ವಂಶ,సంతానం,vaṁśa,saṁtānaṁ,3645,kn: ಯಾರದ್ದಾದರೂ ಪುತ್ರಿ ಅಥವಾ ಪುತ್ರ || te: తల్లి-తండ్రులకు కలిగే బిడ్డలు.,shared_synset,,,,,Daughter or son of someone,Children born to parents.,false
B000193,ದೊರಸಾನಿ,దొరసాని,dorasāni,dorasāni,,kn: ಸ್ತ್ರೀಯರಿಗಾಗಿ ಆದರ ಸೂಚಕ ಶಬ್ದ || te: రాజు భార్య,form_similar,,,,,An indicative word for women,King's wife,false
B000194,ಪಂಜಾಬ್,పంజా,paṁjāb,paṁjā,,kn: ಭಾರತದ ಒಂದು ರಾಜ್ಯ ಅದು ಪಾಕಿಸ್ತಾನದೊಂದಿಗೆ ಹೊಂದಿಕೊಂಡಿದೆ || te: కౄరమృగాల హస్తం,form_similar,,,,,A state of India that is contiguous with Pakistan,Hand of animals,false
B000195,XII,పన్నెండు,XII,panneṁḍu,13819,kn: ಹತ್ತು ಮತ್ತು ಎರಡನ್ನು ಕೂಡುವುದರಿಂದ ಸಿಗುವ ಸಂಖ್ಯೆ || te: పది మరియు రెండు కలుపగా వచ్చే సంఖ్య.,shared_synset,,,,,The number obtained by adding ten and two,The number that comes from ten and two.,false
B000196,ವಿಲಕ್ಷಣಪೂರ್ಣ,విలక్షణమైన,vilakṣaṇapūrṇa,vilakṣaṇamaina,29143,kn: ವಿಲಕ್ಷಣದಿಂದ ಕೂಡಿರುವಂತಹ || te: వుండవలసిన లక్షణాలకు భిన్నంగా వున్నటువంటి,shared_synset,,,,,Eccentric,Different from what it should be,false
B000197,ವ್ಯಾಸ-ನದಿ,బియాస్‍నది,vyāsa-nadi,biyāsnadi,13333,kn: ಉತ್ತರ ಭಾರತದ ಒಂದು ನದಿ || te: ఉత్తర భారతదేశంలోని ఒక నది,shared_synset,,,,,A river in North India,A river in North India,false
B000198,ಪರ್ವತಾರೋಹಣ,పర్వతారోహణ,parvatārōhaṇa,parvatārōhaṇa,30346,kn: ಪರ್ವತವನ್ನು ಹತ್ತುವ ಕ್ರಿಯೆ || te: రెండువేల మీటర్ల కన్నా ఎత్తైన కొండను ఎక్కడం,shared_synset,,,,,The act of climbing a mountain,Climbing a hill higher than two thousand meters,false
B000199,ಗರ್ಭಿಣಿ,గర్భిణియైన,garbhiṇi,garbhiṇiyaina,4869,kn: ಹೊಟ್ಟೆಯಲ್ಲಿ ಮಗು ಬೆಳೆಯುತ್ತಿರುವ ಮಹಿಳೆ || te: గర్భం దాల్చిన మహిళ.,shared_synset,,,,,A woman with a baby growing in her belly,A pregnant woman.,false
B000200,ರಕ್ತ-ವರ್ಣದಂತ,అవధిలేని,rakta-varṇadaṁta,avadhilēni,,,random,,,,,blood-stained,Indefinite,false
B000201,ಯೌವನಾವಸ್ಥೆ,యవ్వనావస్థ,yauvanāvasthe,yavvanāvastha,,kn: ಬಾಲ್ಯಾವಸ್ಥೆ ಮತ್ತು ವೃದ್ಧಾವಸ್ಥೆಯ ನಡುವಿನ ಅವಸ್ಥೆ/ಸ್ಥಿತಿ ಅಥವಾ ತರುಣನಾಗುವ ಸ್ಥಿತಿ/ಅವಸ್ಥೆ || te: ప్రతి వ్యక్తి జీవితము లోని పదకొండు సంవత్సరాల వయస్సు నుండి పదిహేను సంవత్సరాల వయస్సు వరకు గల సమయం.,form_similar,,,,,A state/state between childhood and old age or a state/state of being young,The period from the age of eleven to the age of fifteen is the period of every person's life.,false
B000202,ಗದ್ದ,గద్ద,gadda,gadda,,kn: ತುಟಿಯ ಕೆಳಭಾಗ ದುಂಡಗಿದ್ದು ಮತ್ತು ದಪ್ಪವಿರುವ ಭಾಗ || te: కోడిపిల్లలను తన్నుకు పోయేపక్షి,form_similar,,,,,The lower part of the lip is rounded and thick,A bird that kicks chicks,false
B000203,ನೇಪಾಳ,నేపాళం,nēpāḷa,nēpāḷaṁ,,kn: ಭಾರತದ ಉತ್ತರ ಭಾಗದ ಹಿಮಾಲಯದ ತಪ್ಪಲಿನಲ್ಲಿರುವ ಒಂದು ದೇಶ || te: ఒక మొక్క విత్తనం దానిని సేవిస్తే విరోచనాలు అవుతాయి,form_similar,,,,,A country in the Himalayan foothills of northern India,Consuming the seed of a plant causes vomiting,false
B000204,ಮೂಲವ್ಯಾಧಿ,మూలవ్యాధి,mūlavyādhi,mūlavyādhi,,kn: ಒಂದು ತರಹದ ರೋಗದಲ್ಲಿ ಗುಪ್ತದ್ವಾರದಲ್ಲಿ ಮೊಳಕೆಯಂತೆ ಆಗುವ ಮಾಂಸದ ಉಬ್ಬರ || te: ఒకరకమైన చర్మరోగం,form_similar,,,,,"In a kind of disease, a fleshy swelling like a sprout at the entrance",A kind of skin disease,false
B000205,ಕೊಡಪಾನ,గలభా,koḍapāna,galabhā,,,random,,,,,A small clay pot filled with water,Galabha,false
B000206,ನಿಷ್ಠುರವಾಗಿ,మురిపెం,niṣṭhuravāgi,muripeṁ,,,random,,,,,Lacking even the slightest bit of Southern kindness,A strong fan,false
B000207,ಮಟ್ಟ,మట్టం,maṭṭa,maṭṭaṁ,,kn: ಯಾವುದಾದರೂ ವಸ್ತುವಿನ ಮೇಲೆ ಹರಡಿರುವ ಪದರ || te: తక్కువగా ఉండటం.,form_similar,,,,,A layer spread over something,being less,false
B000208,ರಮಾಕಾಂತ,సచ్చిదానందుడు,ramākāṁta,saccidānaṁduḍu,2185,kn: ಹಿಂಧೂಗಳ ಪ್ರಕಾರ  ಸೃಷ್ಟಿಯನ್ನು ಪಾಲನೆ ಮಾಡುತ್ತಿರುವುದು ಒಬ್ಬನೇ ದೇವರು || te: హిందువుల విశ్వాసం ప్రకారం దశావతారాలుగల దేవుడు,shared_synset,,,,,"According to Hindus, there is only one God who sustains creation","According to the Hindu belief, the God of Dashavatars",false
B000209,ಕೂತಿರು,కూతురు,kūtiru,kūturu,,kn: ಒಂದು ಸ್ಥಾನದಲ್ಲಿ ಸ್ಥಿರವಾಗಿ ಇರುವುದು || te: తమ్ముడి కూతురు,form_similar,,,,,Being fixed in one position,Brother's daughter,false
B000210,ಶುಕ,మరుతేజి,śuka,marutēji,4439,"kn: ಮನುಷ್ಯರ ಮಾತುಗಳನ್ನು ಪುನರ್ ಉಚ್ಚರಿಸುವಂತಹ, ವಿಶೇಷವಾಗಿ ಹಸಿರು ಬಣ್ಣದ, ಒಂದು ಪಕ್ಷಿ ಅದನ್ನು ಜನರು ಮನೆಯಲ್ಲಿ ಸಾಕುತ್ತಾರೆ || te: జ్యోష్యం చెప్పడానికి ఉపయోగించుకునే పక్షి",shared_synset,,,,,"A bird that repeats human speech, especially a green one, is kept by people at home",A bird used for divination,false
B000211,ಪರಾಧೀನತೆ,ఆధీనత,parādhīnate,ādhīnata,2777,kn: ಯಾರದೋ ಅಧೀನತೆಗೆ ಒಳಗಾಗುವ ಸ್ಥಿತಿ ಅಥವಾ ಭಾವ || te: ఇతరుల క్రింద లోబడి ఉండుట.,shared_synset,,,,,The state or feeling of being subject to someone,To be subservient to others.,false
B000212,ಕರ್ಮವಾಚಕ,కర్మవాచకము,karmavācaka,karmavācakamu,8622,kn: ವ್ಯಾಕರಣದಲ್ಲಿ ವಾಚ್ಯದ ಎರಡು ಭೇದದಲ್ಲಿ ಒಂದು ಅದು ಈ ಮಾತಿನ ಸೂಚಕವಾಗಿರುತ್ತದೆ ಅದು ಏನಾದರೊಂದನ್ನು ಹೇಳುವಂತಹ ಕರ್ಮದ ಪ್ರಧಾನತೆಯ ವಿಚಾರವಾಗಿರುತ್ತದೆ || te: వ్యాకరణంలో రెండు బేధాలను ఒక బేధంగా చెప్పేది,shared_synset,,,,,"One of the two distinctions of the word in grammar is the indicative of the word, which is the predominance of the verb that says something.",In grammar two differences are said to be one difference,false
B000213,ಪ್ರಾಯಶ್ಚಿತ,ప్రాయశ్చిత్తము,prāyaścita,prāyaścittamu,9511,kn: ಯಾವುದೇ ಪಾಪ ಕಾರ್ಯಗಳನ್ನು ಮಾಡಿದರೆ ಆ ದೋಷದಿಂದ ಮುಕ್ತಿ ಪಡೆಯಲು ಧಾರ್ಮಿಕ ಅಥವಾ ಒಳ್ಳೆಯ ಕೆಲಸಗಳನ್ನು ಮಾಡುತ್ತಾರೆ || te: ఏదేని పాపమునకు పరిహారము చేసుకొనుట,shared_synset,,,,,If one commits any sinful deeds one does religious or good deeds to get rid of that dosha,To compensate for any sin,false
B000214,ಭಾವನಿ,భావన,bhāvani,bhāvana,,kn: ಶಿವನ ಹೆಂಡತಿ || te: అనుభవం మరియు స్మృతి నుండి మనసుకు కలిగేవి,form_similar,,,,,Shiva's wife,What comes to the mind from experience and memory,false
B000215,ಪರಿಶ್ರಮಿ,పరిశ్రమ,pariśrami,pariśrama,,kn: ಆ ಹಣವನ್ನು ಯಾರು ಪರಿಶ್ರಮವನ್ನು ಪಟ್ಟಿದ್ದಾರೋ ಅದರ ಬದಲಾಗಿ ಹಣದ ಅಥವಾ ಪಾರಿತೋಷಕದ ರೂಪದಲ್ಲಿ ನೀಡುತ್ತಾರೆ || te: యంత్రముల ద్వారా వస్తువులను తయారుచేసే సంస్థ,form_similar,,,,,That money is given in the form of money or reward to those who have put in effort,A company that manufactures goods by machinery,false
B000216,ಚಿತ್ರಕಾರ,చిత్రకారుడు,citrakāra,citrakāruḍu,10865,kn: ಚಿತ್ರ ಬಿಡಿಸುವ ವ್ಯಕ್ತಿ || te: చిత్రాన్ని గీసేవాడు.,shared_synset,,,,,A person who paints,The one who draws the picture.,false
B000217,ಪಿತೃವಿಹೀನನಾದ,నాన్నలేని,pitr̥vihīnanāda,nānnalēni,37,kn: ತಂದೆಯಿಲ್ಲದ ಮಗು || te: తండ్రి లేకుండా ఉండుట.,shared_synset,,,,,A child without a father,Being without a father.,false
B000218,ಆರಂಭದ,ఆరంభపు,āraṁbhada,āraṁbhapu,934,kn: ಯಾವುದನ್ನಾದರೂ ಮೊದಲು ಮಾಡುವ ಮೊದಲ ಹಂತವನ್ನು ಗುರುತಿಸುವುದು || te: మొదలుపెట్టు సమయం.,shared_synset,,,,,The first step to doing anything first is recognition,Time to start.,false
B000219,ಗೃಹಸ್ಥಾಶ್ರಮಿ,గృహస్థాశ్రం,gr̥hasthāśrami,gr̥hasthāśraṁ,,kn: ಗೃಹಸ್ಥಾಶ್ರಮದಲ್ಲಿ ಇರುವ ವ್ಯಕ್ತಿ || te: చతుర్విధ ధర్మాలలో ఒకటి,form_similar,,,,,A person in a homestay,One of the four virtues,false
B000220,ತೃತೀಯೆ,తృతీయ,tr̥tīye,tr̥tīya,812,kn: ಚಂದ್ರ ಮಾಸದ ಶುಕ್ಲ ಪಕ್ಷದ ಮೂರನೇ ತಿಥಿ || te: చంద్రమాసంలో ఏ పక్షంలో వచ్చే మూడవ తిధి,shared_synset,,,,,Third tithi of Shukla Paksha of lunar month,The third Tidhi in any part of the lunar month,false
B000221,ಪೌರೋಹಿತ್ಯ,పురోహితుడు,paurōhitya,purōhituḍu,9471,kn: ಪೌರೋಹಿತ್ಯದ ಕೆಲಸ || te: పురోహితులు చేసే పని,shared_synset,,,,,The work of the priesthood,The work of priests,false
B000222,ಕಾಣುವ,కాలువ,kāṇuva,kāluva,,"kn: ಕಣ್ಣಿನ ದೃಷ್ಠಿಗೆ ಗೋಚರವಾಗಬಹುದಾದ, ನೋಡಲಿಕ್ಕೆ ಯೋಗ್ಯವಾದ ಅಥವಾ ನೋಡಲು ಸಾಧ್ಯವಾಗಬಹುದಾದ || te: నది నుండి ఇంకొక నదికి అనుసంధానించడానికి త్రవ్వే నీటిమార్గం",form_similar,,,,,"Visible to the eye, worthy of being seen or able to be seen",A waterway dug to connect a river to another river,false
B000223,ಕೃಪ,కృప,kr̥pa,kr̥pa,,"kn: ಕೌರವರ ರಾಜ ಋಷಿ, ಅಶ್ವಥಾಮನ ಮಾವ ಶರದ್ವತ ಋಷಿಗಳ ಪುತ್ರ ಮತ್ತು ಮಹಾಭಾರತದ ಯುದ್ಧದಲ್ಲಿ ಕೌರವವರ ಪರವಾಗಿ ಯುದ್ಧಮಾಡಿದರು || te: ఒక మనిషి దుఖః, భాధలో ఉన్నప్పుడు మరో మనిషి చూపించేది",form_similar,,,,,"The royal sage of the Kauravas, the son of sage Sharadvata, father-in-law of Ashwatthama, and fought on behalf of the Kauravas in the Mahabharata war.","When one man is sad, another man shows it",false
B000224,ಪ್ರದರ್ಶನಾಲಯ,ప్రదర్శనాస్థలము,pradarśanālaya,pradarśanāsthalamu,6969,kn: ಹಲವಾರು ವಸ್ತುಗಳನ್ನು ಪ್ರದರ್ಶಿಸುವ ಸ್ಥಳ || te: ప్రదర్శించు ప్రదేశము.,shared_synset,,,,,A place to display several items,Display area.,false
B000225,ಪರಿಹಾರಸಾಧ್ಯವಾದಂತ,సారానిరోధము,parihārasādhyavādaṁta,sārānirōdhamu,,,random,,,,,Treatment is likely to relieve the disease or ailment,Drug Trafficking Act,false
B000226,ಕಾಶ್ಮೀರ,కాశ్మీరి,kāśmīra,kāśmīri,,kn: ಭಾರತದ ಉತ್ತರ ಪಶ್ಚಿಮಕ್ಕೆ ಇರುವ ಒಂದು ಬೆಟ್ಟಗುಡ್ಡಗಳ ಪ್ರಾಕೃತಿಕವಾಗಿ ಸುಂದರವಾದ ರಾಜ್ಯ || te: కాశ్మీర్ లో మాట్లాడే భాష,form_similar,,,,,A naturally beautiful hilly state in the northwest of India,Language spoken in Kashmir,false
B000227,ನವೀನ,నవీన,navīna,navīna,,kn: ಆಧುನಿಕತೆಯನ್ನು ಹೊಂದುವ ಅವಸ್ಥೆ ಅಥವಾ ಭಾವ || te: ఆశ్వీయుజ కార్తీక మాసములతో ఏర్పడు ఋతువు,form_similar,,,,,A state or feeling of being modern,A season formed by the months of Ashviyuja Kartika,false
B000228,ಆಪು,ఆపు,āpu,āpu,,kn: ಯಾವುದೇ ಕೆಲಸ ಮಾಡಲು ಉಪಯೋಗವಾಗುವ ಬಲ || te: మాట్లాడుతూ మాట్లాదుతూ ఆగి విరామం ఇవ్వడం.,form_similar,,,,,A force that can be used to do any work,Stopping and pausing while talking.,false
B000229,ನಿರಂತರವಾಗಿ,నిరంతరం,niraṁtaravāgi,niraṁtaraṁ,1452,kn: ಬಿಡುವಿಲ್ಲದೆ ಏನನ್ನಾದರೂ ಮಾಡುವುದು || te: విరామం లేకుడా ఉండుట.,shared_synset,,,,,Doing something without a break,Being restless.,false
B000230,ಗದ್ದ,గ్రద్ద,gadda,gradda,,kn: ತುಟಿಯ ಕೆಳಭಾಗ ದುಂಡಗಿದ್ದು ಮತ್ತು ದಪ್ಪವಿರುವ ಭಾಗ || te: ఆకాశంలో ఎగిరే పెద్ద పక్షి/ అది మాంసాహారాన్ని ఇష్టపడుతుంది,form_similar,,,,,The lower part of the lip is rounded and thick,A large bird that flies in the sky/ it likes meat,false
B000231,ಚಂದನ-ಕೇಶರ,విష్వక్సేనుడు,caṁdana-kēśara,viṣvaksēnuḍu,,,random,,,,,Sandalwood-colored,"According to the Hindu belief, the God of Dashavatars",false
B000232,ಪ್ರಾಸ,పేరాస,prāsa,pērāsa,,kn: ಪದ್ಯದ ಅಂತಿಮ ಅಕ್ಷರದ ಧ್ವನಿ ಸಂಬಂಧ ಏಕತೆ ಅಥವಾ ಮಿಲನ/ಪದ್ಯದ ನಿಯತಸ್ಥಳಗಳಲ್ಲಿ ಬರುವ ನಿಯತಾಕ್ಷರ || te: ఎక్కువ ఆశ కల్గివుండటం,form_similar,,,,,The sound relationship of the final letter of the verse is unity or union/regular characters occurring in the regular places of the verse.,Having more hope,false
B000233,ಮಗುರೀ,మగురా,magurī,magurā,,kn: ಈ ಮೀನಿನ ದವಡೆಯ ಎರಡೂ ಕಡೆ ಒಂದೊಂದು ಮುಳ್ಳುಗಳಿರುತ್ತವೆ || te: మగురీచేపలలో మగచేప,form_similar,,,,,There are spines on both sides of the jaw of this fish,The male fish in Magurifishes,false
B000234,ಮೀನಾಕ್ಷಿ,గౌరి,mīnākṣi,gauri,2190,kn: ಶಿವನ ಹೆಂಡತಿ || te: శివుడి యొక్క భార్య,shared_synset,,,,,Shiva's wife,Consort of Lord Shiva,false
B000235,ನೆಲೆಸಿರುವಿಕೆ,నిలయం,nelesiruvike,nilayaṁ,2761,kn: ಯಾವುದೇ ಒಂದು ಮನೆ ಅಥವಾ ಸ್ಥಳದಲ್ಲಿ ನೆಲೆಸಿರುವಿಕೆ ಅಥವಾ ವಾಸವಾಗಿರುವಿಕೆ || te: నివశించడానికి ఉపయోగపడే స్థలము,shared_synset,,,,,Dwelling or abode in any house or place,A useful place to live,false
B000236,ದಂಡಸಂಹಿತೆ,తృతీయ,daṁḍasaṁhite,tr̥tīya,,,random,,,,,"In terms of offences, mainly the provisions of the law punishable by law",The third Tidhi in any part of the lunar month,false
B000237,ಪಟ್ಟದರಸಿ,పట్టపురాణి,paṭṭadarasi,paṭṭapurāṇi,1745,kn: ರಾಜನ ಪ್ರಧಾನವಾದ ಪತ್ರಿ || te: రాజుకి ప్రధాన భార్య,shared_synset,,,,,The principal paper of the king,Chief wife of the king,false
B000238,ಚಂದ್ರವಂಶ,చంద్రవంశం,caṁdravaṁśa,caṁdravaṁśaṁ,220,kn: ಕ್ಷತ್ರಿಯರ ಎರಡು ಪ್ರಸಿದ್ಧ ಮತ್ತು ಮೂಲ ವಂಶ ಅಥವಾ ಚಂದ್ರನಿಂದ ಉತ್ಪತ್ತಿಯಾದ ವಂಶ ಎಂದು ನಂಬಲಾಗಿದೆ || te: క్షత్రియుల మూల వంశాలలో రెండు ప్రసిద్ధమైన లేదా ఆ వంశాలలో ఒకటి చంద్రునికి సంబంధించిన ఒక వంశం,shared_synset,,,,,Kshatriyas are believed to be two famous and original lineages or lineages generated from Chandra,Two of the Kshatriya origin clans are famous or one of those clans is a Lunar clan,false
B000239,ಸೇಸಕ,లోపలిభాగం,sēsaka,lōpalibhāgaṁ,,,random,,,,,A sturdy cap made of metal to protect the scalp from injury,-An integral part of any place,false
B000240,ಪರರ-ಆಶ್ರಯದಲ್ಲಿರುವಂತ,పెండ్లి,parara-āśrayadalliruvaṁta,peṁḍli,,,random,,,,,As if sheltering someone else,"A ceremony to determine a man or woman as husband and wife, according to religious principles or legally witnessed by society.",false
B000241,ಅಧ್ಯಯನ,అధ్యయనం,adhyayana,adhyayanaṁ,,kn: ಯಾವುದೇ ವಿಷಯವನ್ನು ಆಳವಾಗಿ ತಿಳಿಯಲು ಆಯಾ ವಿಷಯದಲ್ಲಿ ಹೆಚ್ಚಿನ ಓದಿಗೆ ತೆರೆದುಕೊಳ್ಳುವುದು || te: పుస్తకము లేక ఏదేని వ్రాయబడిన విషయాన్ని చూసి చదివే క్రియ.,form_similar,,,,,Being open to further reading on any subject to know it in depth,The act of looking at a book or something written.,false
B000242,ಆದರಣೆ,ఆదరణ,ādaraṇe,ādaraṇa,,"kn: ಶಿಸ್ತು ಮತ್ತು ಸೌಜನ್ಯ/ಪ್ರಾಮಾಣಿಕ ವ್ಯವಹಾರ || te: ఒక మనిషి దుఖః, భాధలో ఉన్నప్పుడు మరో మనిషి చూపించేది",form_similar,,,,,Discipline and courtesy/honest dealing,"When one man is sad, another man shows it",false
B000243,ಬಳಕೆಯಲ್ಲಿಲ್ಲದಂತಹ,వ్యవహారములోలేని,baḷakeyallilladaṁtaha,vyavahāramulōlēni,28,"kn: ಯಾವುದು ಪ್ರಚಲಿತವಲ್ಲವೋ, ಬಳಕೆಯಲ್ಲಿ ಇಲ್ಲವೋ ಅಥವಾ ಚಾಲ್ತಿಯಲ್ಲಿ ಇಲ್ಲವೋ || te: ప్రచారంలోలేని",shared_synset,,,,,"What is not current, not in use or not current",Unadvertised,false
B000244,ರಕ್ತನಾಳ,రక్తనాళం,raktanāḷa,raktanāḷaṁ,,kn: ಶರೀರದಲ್ಲಿ ರಕ್ತ ಹೃದಯಕ್ಕೆ ಸಾಗಿಸುವ ನಾಳ || te: శరీర లేదా సహజమైన అవయవాలకు సంబందించిన సమూహము,form_similar,,,,,A vessel in the body that carries blood to the heart,A group of bodily or natural organs,false
B000245,ವ್ಯಾಪಾರಸ್ಥ,వ్యాపారస్థుడు,vyāpārastha,vyāpārasthuḍu,1602,kn: ವ್ಯಾಪಾರ ಮಾಡುವ ವ್ಯಕ್ತಿ || te: సరుకులను అమ్మేవాడు,shared_synset,,,,,A business person,A seller of goods,false
B000246,ಗದ್ದೆ,గద్దె,gadde,gadde,,kn: ಯಾವುದೇ ಬೆಳೆಯನ್ನು ಬೆಳೆಯಲು ಫಲವತ್ತಾಗಿರುವ ನೆಲ ಅಥವಾ ಭೂಮಿ || te: కూర్చోడానికి మనకోసమే నిర్ణయించబడిన ఒక స్థానం.,form_similar,,,,,Land or land fertile for growing any crop,A place designated for us to sit.,false
B000247,ದಂಶನ,దండన,daṁśana,daṁḍana,,"kn: ಹಾವು, ಕೊಂಡಿ ಚೇಳು ಮುಂತಾದ ವಿಷ ಜಂತುಗಳು ಕಚ್ಚಿದರೆ ಅಥವಾ ಕಡಿದಾಗ ಆಗುವ ಗಾಯ || te: తప్పు చేసిన వారికి విధించేది",form_similar,,,,,"Injuries caused by the bite or bite of poisonous animals like snakes, scorpions etc",Imposing on wrongdoers,false
B000248,ಆಕರ್ಷಕ,ఆకర్షణ,ākarṣaka,ākarṣaṇa,,kn: ಯಾರೋ ಒಬ್ಬರು ನೋಡಲು ಆಕರ್ಷಿಕವಾಗಿ ಇರುವ ಅಥವಾ ಮುಖ ಸುಂದರವಾಗಿರುವ || te: చూడగానే నచ్చడం,form_similar,,,,,Someone who is attractive to look at or has a beautiful face,Like it when you see it,false
B000249,ಪಂಚೆ,పంచె,paṁce,paṁce,,kn: ಸೊಂಟದಿಂದ ಮೊಣಕಾಲಿನ ಕೆಳಗಿನವರೆಗೂ ಮುಚ್ಚಿಕೊಳ್ಳಲು ಸೊಂಟಕ್ಕೆ ಸುತ್ತಿಕೊಂಡು ತೊಟ್ಟಿಕೊಳ್ಳುವ ಒಂದು ವಿರೋಚಿತವಾದ ಬಟ್ಟೆ || te: దక్షిణ భారతదేశంలో పురుషులు అధికంగా ధరించే వస్త్రం,form_similar,,,,,A loose garment wrapped around the waist to cover from the waist to just below the knee,A garment mostly worn by men in South India,false
B000250,ಡ್ರೈವರ್,డ్రైవరు,ḍraivar,ḍraivaru,1067,kn: ಯಾವುದೇ ವಾಹನ ಮುಂತಾದವುಗಳನ್ನು ಚಾಲನೆ ಮಾಡುವವ || te: ఏదైన వాహనాన్ని తోలువాడు.,shared_synset,,,,,A person who drives any vehicle etc,A leather worker for any vehicle.,false
B000251,ಕೈಬಟ್ಟೆ,తువ్వాలు,kaibaṭṭe,tuvvālu,2017,kn: ಒಂದು ದೊಡ್ಡ ದಪ್ಪವಾದ ಬಟ್ಟೆಯು ಶರೀರ ಮುಂತಾದವುಗಳನ್ನು ಒರೆಸಲು ಕೆಲಸಕ್ಕೆ ಬರುವುದು || te: తుడుచుకోవడానికి ఉపయోగించే వస్త్రం,shared_synset,,,,,A big thick cloth comes in handy for wiping the body etc,A cloth used for wiping,false
B000252,ಮಹಾನಗರದ,మహానగరం,mahānagarada,mahānagaraṁ,,kn: ಮಹಾನಗರಕ್ಕೆ ಸಂಬಂಧಿಸಿದ ಅಥವಾ ಮಹಾನಗರದ || te: చాలా పెద్ద నగరం.,form_similar,,,,,Of or pertaining to a metropolis,A very big city.,false
B000253,ಶುದ್ಧೀಕರಣ,శుద్దీకరణ,śuddhīkaraṇa,śuddīkaraṇa,,kn: ಸ್ವಚ್ಚವಾಗುವ ಅವಸ್ಥೆ ಅಥವಾ ಭಾವ || te: శుద్దపరచే క్రియ.,form_similar,,,,,The state or feeling of being cleansed,The act of purifying.,false
B000254,ಹಸ್ತಾಕ್ಷರಮಾಡಿದ,హస్తాక్షరాలుగల,hastākṣaramāḍida,hastākṣarālugala,1948,kn: ಕೈ ಬರಹದ ಸಹಿ ಅಥವಾ ಬರಹ ಇರುವಂತಹದ್ದು || te: చేవ్రాలు కలిగిన.,shared_synset,,,,,A handwritten signature or inscription,having hair,false
B000255,ಗೆಳೆತನ,సావాసం,geḷetana,sāvāsaṁ,720,kn: ಗೆಳೆಯರ ಮಧ್ಯದಲ್ಲಿ ಕಂಡುಬರುವ ಪರಸ್ಪರ ಸಂಬಂಧ || te: రక్తసంబంధం కానిది,shared_synset,,,,,Reciprocity found among peers,Non blood related,false
B000256,ಮಿಥವ್ಯಯ,పరికరాలు,mithavyaya,parikarālu,,,random,,,,,Using money or any consumables very carefully and sparingly,Used to make or operate something.,false
B000257,ಪ್ರಾಕೃತ,ప్రాకృతము,prākr̥ta,prākr̥tamu,9510,kn: ಸಂಭಾಷಣೆ ಅಥವಾ ಮಾತುಕತೆಯ ಒಂದು ಪ್ರಾಚೀನ ಭಾಷೆ || te: ఒక ప్రాచీన వ్యావహారిక భాష,shared_synset,,,,,An ancient language of conversation or conversation,An ancient colloquial language,false
B000258,ವೈಟಮೀನು,విటమిన్లు,vaiṭamīnu,viṭaminlu,15,kn: ಭೋಜನ ಪದಾರ್ಥದಲ್ಲಿ ದೊರೆಯುವಂತಹ ಒಂದು ಪ್ರಕಾರದ  ಪೋಷಕ ತತ್ವ || te: మనం తినే ఆహారంలో ఉండే పోషక విలువలు.,shared_synset,,,,,A type of nutrient found in food,The nutritional value of the food we eat.,false
B000259,ಯುದ್ಧ-ಮಾಡು,ప్రజ్ఞావంతులైన,yuddha-māḍu,prajñāvaṁtulaina,,,random,,,,,Making war or the process of making war even when not wanted,Wise ones,false
B000260,ತೊಂಬತ್ತೆರಡು,తొంబైరెండు,toṁbatteraḍu,toṁbaireṁḍu,4040,kn: ಗಣತಿಯಲ್ಲಿ ತೊಂಬತ್ತು ಮತ್ತು ಎರಡನ್ನು ಸೇರಿಸಿದರೆ ಆಗುವ ಮೊತ್ತ || te: లెక్కలో తోంబైకి రెండు చేర్చగా వచ్చు సంఖ్య.,shared_synset,,,,,The sum of ninety and two in arithmetic,A number that can be added to Tombai in the calculation.,false
B000261,ಜರ್ನಾಧನ,దామోధరుడు,jarnādhana,dāmōdharuḍu,2185,kn: ಹಿಂಧೂಗಳ ಪ್ರಕಾರ  ಸೃಷ್ಟಿಯನ್ನು ಪಾಲನೆ ಮಾಡುತ್ತಿರುವುದು ಒಬ್ಬನೇ ದೇವರು || te: హిందువుల విశ్వాసం ప్రకారం దశావతారాలుగల దేవుడు,shared_synset,,,,,"According to Hindus, there is only one God who sustains creation","According to the Hindu belief, the God of Dashavatars",false
B000262,ಯುವಕ,యువకుడు,yuvaka,yuvakuḍu,5589,kn: ಹದಿನೇಳರಿಂದ ಮೂವತ್ತೈದು ವರ್ಷದ ಹುಡುಗರು || te: 16 నుంచి 35 సంవత్సరాల వయస్సు గల పురుషుడు.,shared_synset,,,,,Boys from seventeen to thirty-five years of age,Male between 16 to 35 years of age.,false
B000263,ತವಡು,తవుడు,tavaḍu,tavuḍu,,"kn: ಗೋಧಿ, ಭತ್ತ ಮುಂತಾದ ಧಾನ್ಯವನ್ನು ಬೀಸಿ ತೆಗೆದ ಸಿಪ್ಪೆ || te: ధాన్యాలపైగల మరియు పంటల యొక్క చూర్ణము",form_similar,,,,,"Husk removed from grain like wheat, rice etc",Crushing of grains and crops,false
B000264,ಪೋಣಿಸು,జతచేయు,pōṇisu,jatacēyu,8123,kn: ಸೂಜಿಯ ಕಣ್ಣಿಗೆ ದಾರವನ್ನು ಹಾಕುವುದು || te: సూదికి దారాన్ని జతచేయడం,shared_synset,,,,,Threading the eye of the needle,Attaching the thread to the needle,false
B000265,ನಯನ,నయనూ,nayana,nayanū,,"kn: ಆ ಇಂದ್ರಿಯದಿಂದ ಪ್ರಾಣಿಗಳಿಗೆ ರೂಪ, ಬಣ್ಣ ಅಗಲ ಅಥವಾ ಆಕಾರದ ಬಗೆಗೆ ಅರಿವನ್ನು ನೀಡುವಂತಹ ಇಂದ್ರಿಯ || te: ఒక రకమైన సన్నని వస్త్రం",form_similar,,,,,"A sense that gives animals awareness of form, color, width, or shape from that sense",A kind of thin cloth,false
B000266,ನಕಲು,నగలు,nakalu,nagalu,,kn: ಪುಸ್ತಕ ಅಥವಾ ದಿನಪತ್ರಿಕೆಗಳ ಪ್ರತಿ || te: వీటిని స్త్రీలు అలంకరణ కోసం ధరిస్తారు,form_similar,,,,,Copies of books or newspapers,These are worn by women for decoration,false
B000267,ಶಾಸನಬದ್ಧವಾದಂತಹ,నియమానుసారమైన,śāsanabaddhavādaṁtaha,niyamānusāramaina,16078,kn: ಶಾಸಾನದಿಂದ ಯುಕ್ತವಾದ || te: నియమ పాలన యుక్తమైన,shared_synset,,,,,Legally appropriate,The rule of law is appropriate,false
B000268,ದಿನ,దివసం,dina,divasaṁ,1965,kn: ಸೂರ್ಯೋದಯದಿಂದ ಸೂರ್ಯಾಸ್ಥದ ವರೆಗಿನ ಸಮಯ || te: సూర్యుడు ఉదయించిన దగ్గర నుండి అస్తమించేంత వరకు ఉండే సమయం,shared_synset,,,,,The time from sunrise to sunset,The time from sunrise to sunset,false
B000269,ನಿರ್ದಿಷ್ಟ-ಅವಧಿ,వ్యవది,nirdiṣṭa-avadhi,vyavadi,2108,kn: ಒಂದು ನಿರ್ದಿಷ್ಟ ಸಮಯದಿಂದ ಇನ್ನೊಂದು ನಿರ್ದಿಷ್ಟ ಸಮಯದವರೆಗಿನ ಕಾಲ || te: ఇంకొంత సమయాన్ని ఇచ్చుట,shared_synset,,,,,The time from one specific time to another specific time,Give it some more time,false
B000270,ಕೆಸರು,కసరు,kesaru,kasaru,,"kn: ನೀರಿನಲ್ಲಿ ಸೇರಿರುವ ಧೂಳು, ಮಣ್ಣು ಮೊದಲಾದವುಗಳು || te: ఎక్కువ ఆగ్రహము కలుగు భావన.",form_similar,,,,,"Dust, dirt etc. in the water",Feeling more resentful.,false
B000271,ಸಾಧಾರಣ,తెలియని,sādhāraṇa,teliyani,2262,kn: ಅಷ್ಟೇನು ಪರಿಚಯವಿಲ್ಲದ ಅಥವಾ ಪ್ರಸಿದ್ದಿಗೆ ಬರದೇ ಇರುವ || te: ఎవ్వరికీ తెలియకుండా ఉండుట.,shared_synset,,,,,Not much known or well known,To be unknown.,false
B000272,ಬಿಡಲ್ಪಟ್ಟಂತ,మంచంకోళ్ళు,biḍalpaṭṭaṁta,maṁcaṁkōḷḷu,,,random,,,,,As if left or thrown away,bed hens,false
B000273,ವಿಸ್ಮಿತವಾಗು,ఆశ్చర్యపడు,vismitavāgu,āścaryapaḍu,2429,"kn: ಯಾವುದೇ ವಸ್ತು, ವಿಷಯ, ಸುದ್ದಿ, ಸಮಾಚಾರ, ಇತ್ಯಾದಿಗಳನ್ನು ನೋಡಿದಾಗ ಇಲ್ಲವೇ ಕೇಳಿದಾಗ ಇಲ್ಲವೇ ತಿಳಿದಾಗ ಇಲ್ಲವೇ ಅನುಭವಕ್ಕೆ ಬಂದಾಗ ಮನಸ್ಸಿನಲ್ಲಿ ಹುಟ್ಟುವ ಅನಿಸಿಕೆ ಹೊರಹೊಮ್ಮುವ ಪ್ರಕ್ರಿಯೆ || te: అసాధారణమైన వాటిని చూడగానే మనస్సులో కలిగే భావన.",shared_synset,,,,,"The process by which an impression arises in the mind when seeing or hearing or knowing or experiencing any object, subject, news, information, etc.",A feeling that arises in the mind when one sees something unusual.,false
B000274,ಬಗ್ಗಿಸಲಾಗದ,ఆవలిగట్టు,baggisalāgada,āvaligaṭṭu,,,random,,,,,Something that is unyielding or unbendable,The other side of the river,false
B000275,ಮಹಾದೇವ,మహాదేవుడు,mahādēva,mahādēvuḍu,2061,kn: ಸೃಷ್ಠಿಯನ್ನು ನಾಶ ಮಾಡುವ ಹಿಂದು ದೇವರು || te: త్రిమూర్తులలో మూడు కన్నులుగలవాడు,shared_synset,,,,,A Hindu god who destroys creation,He is the three eyed of the trinity,false
B000276,ದಿವ್ಯಲೋಕ,దేవలోకం,divyalōka,dēvalōkaṁ,1428,kn: ಆತ್ಮ ಶರೀರವನ್ನು ಬಿಟ್ಟ ನಂತರ ಪ್ರಾಪ್ತಿಯಾಗುವ ಲೋಕ || te: శరిరం విడిచిన తర్వాత ఆత్మ చేరే లోకం,shared_synset,,,,,The world that the soul attains after leaving the body,The world where the soul joins after leaving the body,false
B000277,ಕಚ್ಚು,కొట్టివేయు,kaccu,koṭṭivēyu,11519,"kn: ಚೇಳು, ಜೇನು ಮೊದಲಾದವುಗಳು ವಿಷಭರಿತವಾದ ಮುಳ್ಳಿನಿಂದ ಜೀವಿಗಳ ಶರೀರದ ಮೇಲೆ ಕಚ್ಚಿ ವಿಷವನ್ನು ಹರಡುವುದು || te: కత్తి ద్వారా మొద్దులను చేసేపని",shared_synset,,,,,"Scorpions, bees etc. spread the poison by biting the body of the organism with its poisonous sting.",Cutting stumps with a knife,false
B000278,ಮತಭೇದರಹಿತವಾದಂತಹ,మతబేధరహితమైన,matabhēdarahitavādaṁtaha,matabēdharahitamaina,31917,kn: ಯಾವುದರಲ್ಲಿ ಎಲ್ಲರ ಸಹಮತಿ ಇದೆಯೋ || te: అన్ని మతాల అంగీకారం కాని,shared_synset,,,,,On which all are agreed,Not accepted by all religions,false
B000279,ನಡುಕ,నడక,naḍuka,naḍaka,,kn: ನಡುಗುವ ಕ್ರಿಯೆ ಅಥವಾ ಭಾವನೆ || te: మంచి అలవాట్లు కలిగి ఉండుట.,form_similar,,,,,The act or feeling of trembling,Having good habits.,false
B000280,ಸಂದು,సందు,saṁdu,saṁdu,,kn: ಯಾವುದಾದರೂ ಒತ್ತಡದಿಂದಾದ ಅಥವಾ ಭಾರದಿಂದಾಗಿ ನೆಲದಲ್ಲಿ ಅಥವಾ ಯಾವುದೇ ವಸ್ತುವಿನಲ್ಲಿ ಉಂಟಾಗುವ ಬೇರ್ಪಡುವಿಕೆಯ ಸೀಳುವಿಕೆ || te: ఇద్దరు లేదా ముగ్గరు వెల్లే ఇరుకైన మార్గం,form_similar,,,,,A detachment rupture in the ground or in any material due to some stress or weight,Two or three people are a narrow path,false
B000281,ಪುರಾತತ್ವವಿದ್ವಾನ,పురాతత్త్వవేత్త,purātatvavidvāna,purātattvavētta,27066,kn: ಪುರಾತತ್ವದ ಜ್ಞಾನಿ ಅಥವಾ ವಿದ್ವಾಂಸ || te: చారిత్రక పూర్వయుగంలోని ప్రజలు వారి సంస్కృతిని  గుర్చి పరిశోధించినవాడు.,shared_synset,,,,,archaeologist or scholar,He studied the culture of people in prehistoric times.,false
B000282,ಸ್ವಾಭಾವಿಕವಾದಂತ,స్వభావికమైన,svābhāvikavādaṁta,svabhāvikamaina,27649,kn: (ಸ್ವರ) ಯಾವುದು ಎತ್ತರದಲ್ಲಿವೋ ಅಥವಾ ಕೆಳಗಿಲ್ಲವೋ (ಸ್ವರ) ಯಾವುದು ವರ್ಣಿಕದ ಅರ್ಧಸ್ವರದಲ್ಲಿ ಮೇಲೆ ಅಥವಾ ಕೆಳಗಿಲ್ಲವೋ || te: సహజ సిధ్ధంగా వుండేది,shared_synset,,,,,(Svara) Which is neither higher nor lower than (Svara) Which is neither higher nor lower than a chromatic semitone,It was natural,false
B000283,ಭಾಷಾ-ವಿಜ್ಞಾನಿ,తీర్థపురోహితుడు,bhāṣā-vijñāni,tīrthapurōhituḍu,,,random,,,,,Linguistic expert or jnati,A person who worships at a place of pilgrimage,false
B000284,ವ್ಯಾಕುಲಿತ,వ్యాకులత,vyākulita,vyākulata,,kn: ವ್ಯಕ್ತಿ ಅಥವಾ ಸಮುದಾಯವು ತೀವ್ರವಾದ ಆತಂಕಕ್ಕೆ ಒಳಗಾದ ಸ್ಥಿತಿ ಅಥವಾ ಭಯಭೀತವಾದ ವಾತಾವರಣ || te: బాధ పడుట.,form_similar,,,,,A state of extreme anxiety or fearful atmosphere in which an individual or community,to suffer,false
B000285,ಅಲ್ಪಬುದ್ಧಿಯಂತ,అపహారం,alpabuddhiyaṁta,apahāraṁ,,,random,,,,,Someone has no or very little wit,The opposite of good.,false
B000286,ಶರಣಾಗತನಾದಂತ,శరణాగతుడైన,śaraṇāgatanādaṁta,śaraṇāgatuḍaina,3688,kn: ಶರಣಾಗತಿಯನ್ನು ಒಪ್ಪಿಕೊಂಡವ || te: సహాయం ఆశ్రయించిన.,shared_synset,,,,,who accepted the surrender,Seek help.,false
B000287,ಯಜುರ್ವೇದಿ,యజుర్వేది,yajurvēdi,yajurvēdi,23718,kn: ಯಜುರ್ವೇದದ ಅನುಸಾರವಾಗಿ ಎಲ್ಲಾ ಕಾರ್ಯಗಳನ್ನು ಮಾಡುವಂತಹ || te: యజుర్వేదాన్ని అనుసరించేటటువంటి,shared_synset,,,,,Doing all the work according to Yajurveda,Like following Yajurveda,false
B000288,ಪ್ರಾಥಮಿಕವಾದಂತ,ప్రాథమికమైన,prāthamikavādaṁta,prāthamikamaina,18740,kn: ಅಧಿಕ ಮಹತ್ವವಿರುವ ಅಥವಾ ಯಾವುದಕ್ಕೆ ಮಹತ್ವವನ್ನು ನೀಡಲಾಗಿದೆಯೋ || te: -అధికమాన్యతగల,shared_synset,,,,,Of or to which great importance is attached,-Highly respected,false
B000289,ಪೂಜನೀಯವಾದ,అభినందనీయుడు,pūjanīyavāda,abhinaṁdanīyuḍu,209,kn: ಪೂಜಿಸಲು ಯೋಗ್ಯವಾದ || te: ఎవరైతే గౌరవించడానికి అర్హులో,shared_synset,,,,,Worshipful,Whoever deserves respect,false
B000290,ಕದಲು,కదలి,kadalu,kadali,,kn: ತನ್ನ ಜಾಗದಿಂದ ಸ್ವಲ್ಪ ಜರಗುವುದು ಅಥವಾ ಆಕಡೆ-ಈಕಡೆ ಕದಲುವುದು || te: చిరుత తర్వాత వేగంగా పరిగెత్తే జంతువు,form_similar,,,,,To move slightly from one's place or to and fro,A fast running animal after the cheetah,false
B000291,ವಿಶೇಷಣ,విశ్లేషణ,viśēṣaṇa,viślēṣaṇa,,kn: ದೋಷಯುಕ್ತ ಪದವು ಯಾವುದೇ ನಾಮಪದದ ವಿಶೇಷತೆಯನ್ನು ಹೇಳುವುದು || te: తర్క- వితర్కములను నిశ్చితము చేయు క్రియ,form_similar,,,,,A defective word refers to a feature of any noun,Argument - the act of determining arguments,false
B000292,ಪ್ರಾಂಗಣ,ప్రాంగణం,prāṁgaṇa,prāṁgaṇaṁ,,kn: ಮನೆಯ ಮಧ್ಯದ ತೆರೆದ ಭಾಗ || te: నలువైపుల గోడలతో నిర్మించిన ప్రదేశం,form_similar,,,,,The central open part of the house,A place built with walls on all four sides,false
B000293,ಬ್ಯಾಸ-ನದಿ,బియాస్‍నది,byāsa-nadi,biyāsnadi,13333,kn: ಉತ್ತರ ಭಾರತದ ಒಂದು ನದಿ || te: ఉత్తర భారతదేశంలోని ఒక నది,shared_synset,,,,,A river in North India,A river in North India,false
B000294,ಪೂರ್ಣಾಯುಷಿ,పూర్ణాయువు,pūrṇāyuṣi,pūrṇāyuvu,21910,kn: ಪೂರ್ತಿಯಾದ ಆಯುಷ್ಯನ್ನು ಹೊಂದಿರುವ || te: సంపూర్ణమైన ఆయువు కలిగిన,shared_synset,,,,,Having a full lifespan,Full of life,false
B000295,ಚಿಕ್ಕ-ಕೊಳಲು,చిన్నపిల్లనగ్రోవి,cikka-koḷalu,cinnapillanagrōvi,393,kn: ಒಂದು ಪ್ರಕಾರದ ಕೊಳಲು ಅದರ ಆಕಾರ ಚಿಕ್ಕದಾಗಿರುತ್ತದೆ || te: ఒక రకమైన పిల్లనగ్రోవి అది ఆకారంలో చిన్నదిగా ఉటుంది,shared_synset,,,,,One type of flute is smaller in shape,A type of chickweed that is small in shape,false
B000296,ಬಾಲಹೀನ,బలహీన,bālahīna,balahīna,,kn: ಬಾಲವಿಲ್ಲದ || te: యోగ్యతలేని,form_similar,,,,,tailless,incompetent,false
B000297,ಸಂಗಡ,సంగడం,saṁgaḍa,saṁgaḍaṁ,,kn: ಜತೆಯಾಗಿ ಇರುವ ಭಾವನೆ || te: రక్తసంబంధం కానిది,form_similar,,,,,A sense of togetherness,Non blood related,false
B000298,ಸಿಂಧೂರಪುಷ್ಪ,సింధూరవృక్షం,siṁdhūrapuṣpa,siṁdhūravr̥kṣaṁ,13273,kn: ಕೆಂಪು ಹೂ ಬಿಡುವ ಒಂದು ಗಿಡ || te: ఎర్రటి పూలు పూచే ఒక చెట్టు,shared_synset,,,,,A plant with red flowers,A tree that bears red flowers,false
B000299,ಕ್ರಾಂತಿಮಂಡಲ,కాంతిమండలం,krāṁtimaṁḍala,kāṁtimaṁḍalaṁ,,"kn: ಸೂರ್ಯನ ದೈನಿಕ ಭ್ರಮಣ-ಮಾರ್ಗವು ವಾಸ್ತವದಲ್ಲಿ ಪೃಥ್ವಿಯ ಭ್ರಮಣ-ಮಾರ್ಗವೂ ಹೌದು || te: దేవతలకు, మహా దివ్య పురుషుల చిత్రపటాలలో తల వెనక ఉండే వెలుగు చక్రం",form_similar,,,,,The daily orbit of the Sun is actually the orbit of the Earth.,"For deities, the wheel of light behind the head in portraits of great divine men",false
