pair_id,orth_sim,phon_sim,sem_sim,semantic_imputed,label
P000000,1.000000,1.000000,0.675802,False,false_friend
P000001,0.000000,0.213462,0.626852,False,unrelated
P000002,0.875000,0.972028,0.868903,False,cognate
P000003,0.833333,1.000000,0.588250,False,false_friend
P000004,0.000000,0.407692,0.608646,False,unrelated
P000005,0.214286,0.295547,0.677998,False,unrelated
P000006,0.833333,0.806410,0.958831,False,cognate
P000007,0.800000,0.966667,0.851679,False,cognate
P000008,0.636364,0.771429,0.904903,False,cognate
P000009,0.058824,0.217004,0.762981,False,unrelated
P000010,0.111111,0.247041,0.546959,False,unrelated
P000011,0.833333,1.000000,0.775055,False,false_friend
P000012,0.833333,0.777778,0.598093,False,false_friend
P000013,0.833333,0.808791,0.662489,False,false_friend
P000014,0.166667,0.222222,0.590093,False,unrelated
P000015,0.333333,0.275824,0.976126,False,unrelated
P000016,0.833333,0.977778,0.585179,False,cognate
P000017,0.947368,0.988604,0.699786,False,cognate
P000018,0.857143,0.818182,0.841819,False,cognate
P000019,0.833333,1.000000,0.966648,False,cognate
P000020,0.666667,0.621368,0.976907,False,cognate
P000021,0.888889,0.985714,1.000000,False,cognate
P000022,0.100000,0.182051,0.898396,False,unrelated
P000023,0.833333,0.806410,0.753336,False,cognate
P000024,1.000000,1.000000,0.631106,False,false_friend
P000025,0.090909,0.276923,0.984425,False,unrelated
P000026,0.300000,0.479121,0.903343,False,unrelated
P000027,0.900000,0.843956,0.801753,False,cognate
P000028,0.125000,0.283916,0.748487,False,unrelated
P000029,1.000000,1.000000,0.810383,False,cognate
P000030,1.000000,1.000000,0.903075,False,cognate
P000031,0.857143,0.981818,0.882845,False,cognate
P000032,0.500000,0.434799,0.883914,False,cognate
P000033,0.833333,0.977778,1.000000,False,cognate
P000034,0.631579,0.730178,0.866411,False,cognate
P000035,1.000000,1.000000,0.975342,False,cognate
P000036,1.000000,1.000000,0.732435,False,false_friend
P000037,0.166667,0.280513,0.936675,False,unrelated
P000038,0.000000,0.084615,0.789678,False,unrelated
P000039,0.250000,0.384615,0.672762,False,unrelated
B000000,0.857143,0.965812,0.733771,False,cognate
B000001,0.111111,0.142308,0.645269,False,unrelated
B000002,0.200000,0.233077,0.637568,False,unrelated
B000003,0.250000,0.532308,0.558315,False,unrelated
B000004,0.833333,0.876923,0.638869,False,cognate
B000005,0.846154,0.834066,0.622637,False,cognate
B000006,0.888889,0.857143,0.720739,False,cognate
B000007,0.190476,0.203419,0.759308,False,unrelated
B000008,0.076923,0.349573,0.556151,False,unrelated
B000009,0.666667,0.756308,0.718820,False,cognate
B000010,0.300000,0.243590,0.667044,False,unrelated
B000011,0.111111,0.211538,0.818165,False,unrelated
B000012,0.083333,0.261538,0.734438,False,unrelated
B000013,0.142857,0.417692,0.789545,False,unrelated
B000014,1.000000,1.000000,0.752660,False,cognate
B000015,0.833333,0.948718,0.587161,False,cognate
B000016,0.125000,0.269822,0.672224,False,unrelated
B000017,1.000000,1.000000,0.850503,False,cognate
B000018,0.900000,0.843956,0.791804,False,false_friend
B000019,0.727273,0.906593,0.706955,False,cognate
B000020,0.909091,0.978022,0.549994,False,cognate
B000021,0.857143,0.981900,0.644277,False,cognate
B000022,0.250000,0.180128,0.764261,False,unrelated
B000023,0.833333,0.777778,0.544968,False,cognate
B000024,0.111111,0.285256,0.829433,False,unrelated
B000025,0.166667,0.270879,0.567786,False,unrelated
B000026,0.750000,0.781538,0.678958,False,cognate
B000027,0.363636,0.605128,0.621715,False,unrelated
B000028,0.916667,0.980769,0.617587,False,cognate
B000029,1.000000,1.000000,0.687249,False,cognate
B000030,0.857143,1.000000,0.827667,False,cognate
B000031,0.722222,0.772436,0.637516,False,cognate
B000032,0.818182,0.821978,0.606233,False,cognate
B000033,0.600000,0.753846,0.565128,False,cognate
B000034,0.157895,0.227692,0.513687,False,unrelated
B000035,1.000000,1.000000,0.749933,False,cognate
B000036,0.454545,0.364286,0.641839,False,cognate
B000037,0.800000,0.798718,0.761799,False,cognate
B000038,0.000000,0.030769,0.537071,False,unrelated
B000039,0.636364,0.668778,0.707995,False,cognate
B000040,0.615385,0.790498,0.670649,False,cognate
B000041,1.000000,1.000000,0.778093,False,cognate
B000042,0.916667,0.980769,0.540820,False,cognate
B000043,0.250000,0.256308,0.746242,False,unrelated
B000044,0.833333,0.980000,0.861886,False,cognate
B000045,0.666667,0.610440,0.726447,False,cognate
B000046,0.071429,0.154212,0.896721,False,unrelated
B000047,0.857143,0.965812,0.559328,False,cognate
B000048,0.071429,0.188259,0.663811,False,unrelated
B000049,0.250000,0.315934,0.641308,False,unrelated
B000050,0.142857,0.259829,0.501034,False,unrelated
B000051,0.222222,0.226282,0.534111,False,unrelated
B000052,0.600000,0.964103,0.798526,False,cognate
B000053,0.000000,0.061538,0.641839,False,unrelated
B000054,0.277778,0.377885,0.585214,False,unrelated
B000055,0.833333,0.977778,0.682576,False,cognate
B000056,0.888889,0.961538,0.599862,False,cognate
B000057,0.714286,0.714231,0.672147,False,cognate
B000058,0.818182,0.974359,0.703840,False,cognate
B000059,0.600000,0.703297,0.574049,False,cognate
B000060,0.750000,0.862500,0.583301,False,cognate
B000061,1.000000,1.000000,0.605164,False,cognate
B000062,0.000000,0.158462,0.802148,False,unrelated
B000063,0.000000,0.082274,0.552265,False,unrelated
B000064,0.833333,0.975000,0.531299,False,false_friend
B000065,0.600000,0.513187,0.734309,False,cognate
B000066,1.000000,1.000000,0.570464,False,false_friend
B000067,0.642857,0.576068,0.682899,False,cognate
B000068,0.083333,0.315385,0.509817,False,unrelated
B000069,0.200000,0.338828,0.904317,False,unrelated
B000070,0.200000,0.267949,0.579493,False,unrelated
B000071,0.714286,0.779021,0.942080,False,cognate
B000072,1.000000,1.000000,0.716789,False,cognate
B000073,0.181818,0.354359,0.599024,False,unrelated
B000074,0.857143,0.980000,0.682963,False,cognate
B000075,0.833333,0.977778,0.687523,False,cognate
B000076,0.909091,0.875000,0.608812,False,cognate
B000077,0.272727,0.459729,0.874334,False,unrelated
B000078,0.222222,0.389560,0.541733,False,unrelated
B000079,0.888889,0.833136,0.623935,False,cognate
B000080,0.631579,0.605413,0.675174,False,cognate
B000081,0.636364,0.677376,0.822407,False,cognate
B000082,0.857143,0.977778,0.602982,False,cognate
B000083,0.833333,0.885714,0.546434,False,cognate
B000084,0.909091,0.978022,0.837016,False,cognate
B000085,0.000000,0.276923,0.818165,False,unrelated
B000086,0.300000,0.492308,0.523770,False,unrelated
B000087,0.411765,0.352015,0.721108,False,cognate
B000088,0.888889,0.976331,0.670848,False,cognate
B000089,0.727273,0.795023,0.557129,False,cognate
B000090,0.833333,0.977778,0.580400,False,false_friend
B000091,0.142857,0.185769,0.584334,False,unrelated
B000092,0.857143,0.792308,0.626744,False,cognate
B000093,0.888889,0.709615,0.516014,False,false_friend
B000094,1.000000,1.000000,0.620327,False,false_friend
B000095,1.000000,1.000000,0.604383,False,cognate
B000096,0.750000,0.966667,0.626798,False,cognate
B000097,0.833333,0.711538,0.498666,False,false_friend
B000098,0.076923,0.118376,0.694579,False,unrelated
B000099,1.000000,1.000000,0.902636,False,cognate
B000100,0.857143,0.965812,0.708529,False,cognate
B000101,0.687500,0.639194,0.612549,False,cognate
B000102,0.111111,0.080128,0.776365,False,unrelated
B000103,0.272727,0.483654,0.568316,False,unrelated
B000104,0.615385,0.612821,0.805356,False,cognate
B000105,0.833333,1.000000,0.694840,False,cognate
B000106,0.857143,0.977778,0.613080,False,unrelated
B000107,0.071429,0.154231,0.596974,False,unrelated
B000108,0.600000,0.647203,0.652511,False,cognate
B000109,0.800000,1.000000,0.978203,False,cognate
B000110,0.100000,0.342857,0.826600,False,unrelated
B000111,1.000000,1.000000,0.509762,False,false_friend
B000112,0.666667,0.604274,0.686428,False,false_friend
B000113,0.857143,0.983806,0.788053,False,cognate
B000114,0.250000,0.378388,0.589363,False,unrelated
B000115,0.444444,0.736095,0.639967,False,cognate
B000116,0.166667,0.123543,0.540329,False,unrelated
B000117,0.636364,0.650000,0.798898,False,false_friend
B000118,0.800000,0.792821,0.607342,False,cognate
B000119,0.833333,0.777778,0.552474,False,false_friend
B000120,0.615385,0.568269,0.706962,False,cognate
B000121,0.857143,1.000000,0.630331,False,false_friend
B000122,0.111111,0.491667,0.496967,False,unrelated
B000123,0.230769,0.355061,0.609273,False,unrelated
B000124,1.000000,1.000000,0.547729,False,cognate
B000125,0.625000,0.696795,0.769231,False,cognate
B000126,0.181818,0.139423,0.713016,False,unrelated
B000127,0.333333,0.337981,0.767348,False,unrelated
B000128,0.090909,0.253333,0.786677,False,unrelated
B000129,0.875000,0.969231,0.528890,False,cognate
B000130,0.230769,0.377692,0.622977,False,unrelated
B000131,0.428571,0.432479,0.571158,False,unrelated
B000132,0.636364,0.588462,0.706962,False,unrelated
B000133,0.857143,0.917308,0.568844,False,false_friend
B000134,0.636364,0.809231,0.604929,False,cognate
B000135,0.833333,0.777778,0.577961,False,false_friend
B000136,0.833333,1.000000,0.635825,False,cognate
B000137,0.250000,0.241700,0.818165,False,unrelated
B000138,0.833333,0.851282,0.610580,False,false_friend
B000139,0.857143,0.977778,0.590176,False,false_friend
B000140,0.250000,0.358974,0.638322,False,unrelated
B000141,0.350000,0.416711,0.668540,False,unrelated
B000142,0.142857,0.719658,0.650910,False,unrelated
B000143,0.866667,0.976923,0.564332,False,cognate
B000144,0.900000,0.978022,0.835027,False,cognate
B000145,0.833333,0.726923,0.525293,False,cognate
B000146,0.625000,0.542949,0.672224,False,cognate
B000147,0.263158,0.311538,0.839948,False,unrelated
B000148,1.000000,1.000000,0.531001,False,false_friend
B000149,1.000000,1.000000,0.536517,False,false_friend
B000150,0.857143,0.851282,0.648498,False,cognate
B000151,0.083333,0.251417,0.912386,False,unrelated
B000152,0.272727,0.300000,0.780594,False,unrelated
B000153,0.125000,0.197436,0.648958,False,unrelated
B000154,0.142857,0.205983,0.556347,False,unrelated
B000155,1.000000,1.000000,0.547556,False,false_friend
B000156,0.857143,0.965812,0.579620,False,cognate
B000157,0.666667,0.604274,0.821556,False,cognate
B000158,0.222222,0.168343,0.563652,False,unrelated
B000159,0.714286,0.594570,0.799612,False,cognate
B000160,0.750000,1.000000,0.695605,False,cognate
B000161,0.636364,0.655204,0.715708,False,unrelated
B000162,0.888889,0.983333,0.685807,False,cognate
B000163,0.210526,0.365064,0.686135,False,unrelated
B000164,0.250000,0.166555,0.490293,False,unrelated
B000165,0.200000,0.474725,0.654367,False,unrelated
B000166,0.625000,1.000000,0.899718,False,cognate
B000167,1.000000,1.000000,0.546045,False,cognate
B000168,0.166667,0.361538,0.735726,False,unrelated
B000169,0.181818,0.451479,0.536265,False,unrelated
B000170,0.181818,0.361538,0.594058,False,unrelated
B000171,0.923077,0.983806,0.655501,False,cognate
B000172,1.000000,1.000000,0.716249,False,cognate
B000173,0.875000,0.969231,0.489315,False,cognate
B000174,0.875000,0.965812,0.550754,False,cognate
B000175,0.625000,0.625641,0.824822,False,unrelated
B000176,1.000000,1.000000,0.669591,False,cognate
B000177,0.200000,0.241923,0.516616,False,unrelated
B000178,0.157895,0.202279,0.531924,False,unrelated
B000179,0.600000,0.757436,0.704030,False,cognate
B000180,0.909091,0.979487,0.692548,False,cognate
B000181,0.833333,0.979487,0.889374,False,cognate
B000182,0.111111,0.333333,0.827501,False,unrelated
B000183,0.888889,0.969231,0.592658,False,false_friend
B000184,0.000000,0.240559,0.554363,False,unrelated
B000185,0.636364,0.656731,0.752433,False,unrelated
B000186,0.083333,0.219028,0.789545,False,unrelated
B000187,0.833333,0.836437,0.622389,False,cognate
B000188,0.100000,0.244712,0.802148,False,unrelated
B000189,0.916667,0.981900,0.838135,False,cognate
B000190,0.200000,0.300000,0.591548,False,unrelated
B000191,0.181818,0.258974,0.689425,False,unrelated
B000192,0.375000,0.188889,0.708807,False,unrelated
B000193,1.000000,1.000000,0.630425,False,cognate
B000194,0.833333,0.711538,0.544368,False,false_friend
B000195,0.000000,0.000000,0.880330,False,unrelated
B000196,0.714286,0.801399,0.539403,False,cognate
B000197,0.600000,0.775148,1.000000,False,cognate
B000198,1.000000,1.000000,0.731621,False,cognate
B000199,0.615385,0.782212,0.775310,False,cognate
B000200,0.187500,0.276923,0.629107,False,unrelated
B000201,0.846154,0.988235,0.735830,False,cognate
B000202,1.000000,1.000000,0.555433,False,false_friend
B000203,0.857143,0.965812,0.596360,False,false_friend
B000204,1.000000,1.000000,0.743225,False,cognate
B000205,0.125000,0.528205,0.552610,False,unrelated
B000206,0.166667,0.268421,0.533220,False,unrelated
B000207,0.833333,0.948718,0.562544,False,false_friend
B000208,0.214286,0.273932,0.818165,False,unrelated
B000209,0.833333,0.977778,0.528547,False,false_friend
B000210,0.125000,0.086538,0.622898,False,unrelated
B000211,0.636364,0.661538,0.637046,False,unrelated
B000212,0.846154,0.825769,0.759204,False,cognate
B000213,0.769231,0.795023,0.703570,False,cognate
B000214,0.857143,0.981818,0.511887,False,false_friend
B000215,0.888889,0.985714,0.573201,False,false_friend
B000216,0.727273,0.785973,0.840983,False,cognate
B000217,0.133333,0.210839,0.857181,False,unrelated
B000218,0.777778,0.816667,0.600623,False,cognate
B000219,0.857143,0.858741,0.619296,False,false_friend
B000220,0.857143,1.000000,0.857743,False,cognate
B000221,0.600000,0.947436,0.966684,False,cognate
B000222,0.833333,0.777778,0.623439,False,false_friend
B000223,1.000000,1.000000,0.507727,False,cognate
B000224,0.666667,0.618037,0.717939,False,cognate
B000225,0.238095,0.403183,0.558329,False,unrelated
B000226,0.857143,0.981818,0.564205,False,cognate
B000227,1.000000,1.000000,0.581922,False,false_friend
B000228,1.000000,1.000000,0.534427,False,false_friend
B000229,0.692308,0.641453,0.677640,False,cognate
B000230,0.833333,0.726923,0.578905,False,false_friend
B000231,0.142857,0.328205,0.542853,False,unrelated
B000232,0.833333,0.760684,0.537135,False,false_friend
B000233,0.833333,0.977778,0.668825,False,false_friend
B000234,0.142857,0.126573,0.874334,False,unrelated
B000235,0.166667,0.249145,0.733244,False,unrelated
B000236,0.083333,0.246154,0.545069,False,unrelated
B000237,0.636364,0.720000,0.850301,False,cognate
B000238,0.916667,0.978022,0.853204,False,cognate
B000239,0.166667,0.267873,0.581196,False,unrelated
B000240,0.120000,0.133077,0.562974,False,unrelated
B000241,0.900000,0.965812,0.627581,False,cognate
B000242,0.857143,0.980000,0.568429,False,cognate
B000243,0.142857,0.382692,0.660789,False,unrelated
B000244,0.900000,0.978022,0.692043,False,cognate
B000245,0.769231,0.818077,0.780256,False,cognate
B000246,1.000000,1.000000,0.625083,False,false_friend
B000247,0.857143,0.822222,0.548615,False,false_friend
B000248,0.875000,0.833333,0.636355,False,cognate
B000249,1.000000,1.000000,0.655088,False,cognate
B000250,0.875000,0.878322,0.751984,False,cognate
B000251,0.000000,0.422222,0.704106,False,unrelated
B000252,0.833333,0.827350,0.671323,False,cognate
B000253,0.916667,0.871493,0.638449,False,cognate
B000254,0.625000,0.744000,0.545428,False,false_friend
B000255,0.125000,0.274359,0.588101,False,unrelated
B000256,0.000000,0.177622,0.675435,False,unrelated
B000257,0.800000,0.767692,0.868362,False,cognate
B000258,0.666667,0.967949,0.791769,False,cognate
B000259,0.062500,0.186713,0.516006,False,unrelated
B000260,0.666667,0.713846,0.697237,False,cognate
B000261,0.181818,0.423529,0.818165,False,unrelated
B000262,0.625000,0.636154,0.840804,False,cognate
B000263,0.833333,0.977778,0.739623,False,cognate
B000264,0.125000,0.333846,0.843146,False,unrelated
B000265,0.833333,0.966667,0.591928,False,false_friend
B000266,0.833333,1.000000,0.586070,False,false_friend
B000267,0.238095,0.292308,0.869101,False,unrelated
B000268,0.428571,0.362393,1.000000,False,unrelated
B000269,0.333333,0.271429,0.693182,False,unrelated
B000270,0.833333,0.977778,0.540444,False,false_friend
B000271,0.111111,0.429670,0.692150,False,unrelated
B000272,0.153846,0.215837,0.539649,False,unrelated
B000273,0.181818,0.426244,0.735726,False,unrelated
B000274,0.230769,0.558120,0.573044,False,unrelated
B000275,0.700000,0.757436,0.576951,False,cognate
B000276,0.666667,0.941026,0.965354,False,cognate
B000277,0.222222,0.420769,0.606791,False,unrelated
B000278,0.625000,0.620659,0.705496,False,false_friend
B000279,0.833333,0.977778,0.549248,False,false_friend
B000280,1.000000,1.000000,0.611374,False,false_friend
B000281,0.625000,0.771385,0.597418,False,cognate
B000282,0.647059,0.696923,0.541361,False,cognate
B000283,0.062500,0.205846,0.594178,False,unrelated
B000284,0.888889,0.984615,0.563316,False,cognate
B000285,0.400000,0.361538,0.507966,False,unrelated
B000286,0.647059,0.757692,0.509748,False,cognate
B000287,1.000000,1.000000,0.762038,False,cognate
B000288,0.705882,0.696923,0.711979,False,cognate
B000289,0.133333,0.452227,0.693741,False,unrelated
B000290,0.833333,0.977778,0.605575,False,false_friend
B000291,0.888889,0.843956,0.629432,False,false_friend
B000292,0.888889,0.972028,0.668046,False,cognate
B000293,0.700000,0.836686,1.000000,False,cognate
B000294,0.777778,0.816667,0.884203,False,cognate
B000295,0.235294,0.349833,0.908373,False,unrelated
B000296,0.875000,1.000000,0.741578,False,false_friend
B000297,0.875000,0.965812,0.610462,False,false_friend
B000298,0.600000,0.671923,0.930648,False,cognate
B000299,0.846154,0.853394,0.534698,False,cognate
