pair_id,kn_word,te_word,kn_iso,te_iso,en_kn,en_te,gloss,candidate_source,label,origin,annotator,notes,excluded
P000000,ತರಿ,తరి,tari,tari,to chisel / roughen a hard surface,a boat/vessel that ferries wood & metal by water,"kn: ಮರ, ಕಲ್ಲು ಗಟ್ಟಿಯಾದ ರಬ್ಬರ್ ವಸ್ತುಇತ್ಯಾದಿ ಗಟ್ಟಿ ವಸ್ತುಗಳನ್ನು ಉಳಿ ಇತ್ಯಾದಿ ಉಪಕರಣಗಳ ಸಹಾಯದಿಂದ ಅದರ ಮೇಲ್ಮೈಯನ್ನು ಒರಟುಗೊಳಿಸುವ ಪ್ರಕ್ರಿಯೆ || te: నీళ్ళలో ప్రయాణం చేస్తూ కొయ్యలను, లోహాలను సరఫరా చేసేవి",form_similar,false_friend,,Dhanya,,
P000001,ಮೆತ್ತೆ,ఔష్ఠ్యాలు,mette,auṣṭhyālu,mattress / cushion,labials (lip speech-sounds),,random,unrelated,,Dhanya,,
P000002,ಸಾಧನ,సాధనం,sādhana,sādhanaṁ,tool / instrument / means,tool / instrument (for any task),kn: ಯಾವುದಾದರು ಕೆಲಸಗಳಿಗೆ ಉಪಯೋಗವಾಗುವ ಸಾಮರ್ಥ್ಯವಿರುವ ವಸ್ತು || te: ఏదైన పనికి ఉపయోగించే పనిముట్టు.,shared_synset,cognate,sanskrit,Dhanya,,
P000003,ತಂದ್ರಿ,తంత్రి,taṁdri,taṁtri,drowsiness / lethargy,string of an instrument (e.g. sitar),kn: ಪ್ರಾಣಿಗಳ ಆ ಸ್ಥಿತಿ ಅದರಿಂದ ಎಚ್ಚರ ಹೊಂದುವುದರ ಹಿಂದೆ ಕೆಲವು ಸಮಯಗಳವರೆಗೆ ಯಾವುದೇ ಕೆಲಸವಿಲ್ಲದೆ ವಿಶ್ರಾಂತಿ ಹೊಂದುವಂತಹದ್ದು ಮತ್ತು ಅವರಿಗೆ ಶಾರೀರಿಕವಾಗಿ ಹಾಗೂ ಮಾನಸಿಕವಾಗಿ ವಿಶ್ರಾಂತಿ ಲಭಿಸುತ್ತದೆ || te: సితార్ యొక్క తీగలాగా ఉండేది,form_similar,false_friend,,Dhanya,very old classical language,
P000004,ಗುಣಗಾನ,ఇరికించు,guṇagāna,irikiṁcu,singing someone's praises; eulogy,to squeeze in / insert / trap,,random,unrelated,,Dhanya,,
P000005,ಅಲುಗಿಸಿದಂತಹ,మామిడివిత్తు,alugisidaṁtaha,māmiḍivittu,shaken / moved (adjectival),mango seed / stone,,random,unrelated,,Dhanya,,
P000006,ಪರೋಪಕಾರ,పరోపకారము,parōpakāra,parōpakāramu,benevolence; helping others,benevolence; doing good to others,kn: ಬೇರೆಯವರಿಗೆ ಮಾಡುವ ಉಪಕಾರ ಅಥವಾ ನೆರವು || te: ఇతరులకు మంచిని చేసే కార్యము లేక భావము,form_similar,cognate,sanskrit,Dhanya,,
P000007,ಮೈಲಿ,మైలు,maili,mailu,mile (unit of distance),"mile (5,280 feet)",kn: ದೂರವನ್ನು ಅಳೆಯುವ ಒಂದು ಮಾನ || te: ఐదువేల రెండు వందల ఎనవై అడుగుల దూరం,shared_synset,cognate,other_borrowing,Dhanya,,
P000008,ನಿರುಪಯುಕ್ತ,నిరుపయోగం,nirupayukta,nirupayōgaṁ,useless / lacking use,useless; of no use,kn: ಉಪಯೋಗದ ಕೊರೆತೆ ಇರುವುದು || te: ప్రయోజనం లేనిది,shared_synset,cognate,sanskrit,Dhanya,,
P000009,ಯಶಸ್ಸು-ಕಾಣದಂತ,పేరులేని,yaśassu-kāṇadaṁta,pērulēni,gaining no success despite good work,without a (good) name / renown,kn: ಯಾರಿಗೆ ಒಳ್ಳೆಯ ಕೆಲಸವನ್ನು ಮಾಡಿದ್ದರೂ ಯಶಸ್ಸು ಸಿಗುವುದಿಲ್ಲವೋ || te: అతనికి మంచి పనులు చేసినా మంచిపేరు దొరకలేదు,shared_synset,unrelated,,Dhanya,,
P000010,ಕಲ್ಪನಾತೀತವಾದಂತ,టెంకాయచెట్లు,kalpanātītavādaṁta,ṭeṁkāyaceṭlu,beyond imagination; unimaginable,coconut trees,,random,unrelated,,Dhanya,,
P000011,ತಲಬು,తలపు,talabu,talapu,salary / wages,a thought / intention,kn: ನೌಕರಿಗೆ ದೊರೆಯುವಂತಹ ಸಂಬಳ || te: యోచించేటటువంటి భావన.,form_similar,false_friend,,Dhanya,,
P000012,ಚಿಬುಕ,చిలుక,cibuka,ciluka,chin,parrot (used in fortune-telling),kn: ಗದ್ದದ ಅಥವಾ ಗದ್ದಕ್ಕೆ ಸಂಬಂಧಿಸಿದಂತಹ || te: జ్యోష్యం చెప్పడానికి ఉపయోగించుకునే పక్షి,form_similar,false_friend,,Dhanya,,
P000013,ಗಡಿಯಾ,గడియ,gaḍiyā,gaḍiya,of a border / boundary,a moment; a unit of time (ghadiya),kn: ಸೀಮೆ ಅಥವಾ ಗಡಿಗೆ ಸಂಬಂಧಿಸಿದ || te: ఏదైనా ఒక పని చేయుటకు ఇచ్చు సమయం.,form_similar,false_friend,,Dhanya,,
P000014,ಹಾವು,వ్యాప్తి,hāvu,vyāpti,snake,spread / extent / pervasion,,random,unrelated,,Dhanya,,
P000015,ಯಾತ್ರಿ,భాటసారి,yātri,bhāṭasāri,traveller / pilgrim,traveller / wayfarer,kn: ಯಾತ್ರೆಯನ್ನು ಕೈಗೊಂಡವ ಅಥವಾ ಯಾವುದೇ ಕ್ಷೇತ್ರಗಳನ್ನು ನೋಡಲು ಬಂದವರು || te: ఎవ్వరైతే యాత్రలు చేస్తారో.,shared_synset,unrelated,,Dhanya,,
P000016,ತಾಮಸ,తామసి,tāmasa,tāmasi,darkness; absence of light,Shiva's wife,kn: ಬೆಳಕಿನ ಅಭಾವ || te: శివుడి యొక్క భార్య,form_similar,cognate,,Dhanya,"Telugu word polysemous; gloss showed sense lord shiva's wife, labeled on shared-origin sense darkness or absence on light",
P000017,ಜ್ವಾಲಾಮುಖಿ-ಪರ್ವತ,జ్వాలాముఖి-పర్వతం,jvālāmukhi-parvata,jvālāmukhi-parvataṁ,volcano,a place taller than a hill; a mountain,"kn: ಆ ಪರ್ವತ ಶಿಖರದ ತುದಿಯಿಂದ ಹೊಗೆ, ಬೂದಿ ಬೆಂಕಿ ಮೊದಲಾದ ಪದಾರ್ಥಗಳು ನೀರಾಗಿ ಆಗಿಂದಾಗೆ ಹೊರಬರುತ್ತದೆ || te: కొండకంటే ఎత్తైన ప్రదేశం",shared_synset,cognate,sanskrit,Dhanya,,
P000018,ಲಕ್ಷದ,లక్షవ,lakṣada,lakṣava,"of a lakh (100,000 rupees)","lakh; the number 100,000",kn: ಲಕ್ಷ ರೂಪಾಯಿಗಳ || te: లెక్కింపులో నూరు వేల సంఖ్య,form_similar,cognate,sanskrit,Dhanya,"Telugu lemma lakṣava is a malformed/non-standard form; actual Telugu usage is lakṣalu (లక్షలు, ""lakhs"").",
P000019,ಅಷ್ಟಮೀ,అష్టమి,aṣṭamī,aṣṭami,Ashtami — 8th lunar day,Ashtami — 8th lunar day (tithi),kn: ಚಾಂದ್ರ ಮಾಸದ ಕೃಷ್ಣ ಪಕ್ಷದ ಎಂಟನೇ ತಿಥಿ || te: చంద్రమాసంలో వచ్చే ఎనిమిదవ తిధి,shared_synset,cognate,sanskrit,Dhanya,,
P000020,ವೃಷಭ,వృషభరాశి,vr̥ṣabha,vr̥ṣabharāśi,"Taurus (2nd zodiac sign, the bull)",Taurus (2nd zodiac sign),kn: ಜ್ಯೋತಿಷ್ಚಕ್ರದಲ್ಲಿ ಕೊಬ್ಬಿದ ಗೂಳಿಯನ್ನು ಚಿತ್ರವಾಗುಳ್ಳ ಎರಡನೇ ರಾಶಿ || te: రాశులలో రెండవది,shared_synset,cognate,sanskrit,Dhanya,,
P000021,ಪುಷ್ಪಮಾಲೆ,పుష్పమాల,puṣpamāle,puṣpamāla,flower garland,flower garland,kn: ಹೂವಿನಿಂದ ಕಟ್ಟಿದ ಮಾಲೆ ಅಥವಾ ದಾರದಿಂದ ಪೂಣೀಸಿರುವ ಹೂ || te: పూలను పక్కపక్కాగా కూర్చి కుట్టినది,shared_synset,cognate,sanskrit,Dhanya,,
P000022,ದಾಕ್ಷಾಯಿಣಿ,నీలలోహిత,dākṣāyiṇi,nīlalōhita,Shiva's wife (Dakshayani),Shiva's wife,kn: ಶಿವನ ಹೆಂಡತಿ || te: శివుడి యొక్క భార్య,shared_synset,unrelated,,Dhanya,,
P000023,ಪಾರಿತೋಷಕ,పారితోషకము,pāritōṣaka,pāritōṣakamu,reward / prize for some work,gratuity paid on retirement,kn: ಯಾವುದೋ ಕೆಲಸಕ್ಕೆ ನೀಡುವ ಸನ್ಮಾನ ಪೂರ್ವಕವಾಗಿ ನೀಡುವ ಧನ ಅಥವಾ ದ್ರವ್ಯ || te: ఉద్యోగమునుండి విరమించిన తరువాత ఇచ్చు ధనము.,form_similar,cognate,sanskrit,Dhanya,,
P000024,ಪುಟ್ಟ,పుట్ట,puṭṭa,puṭṭa,small / little,anthill (where termites live),kn: ಯಾವುದೋ ಒಂದರ ಆಕಾರ ಚಿಕ್ಕದಾಗಿರುವುದು || te: చెదలు ఉండే పుట్ట,form_similar,false_friend,,Dhanya,,
P000025,ವಿಘ್ನೇಶ್ವರ,వజ్రతుండు,vighnēśvara,vajratuṁḍu,Ganesha (elephant-faced Hindu god),Ganesha (elephant-headed Hindu god),"kn: ಹಿಂದೂಗಳ ಪ್ರಧಾನ ಮತ್ತು ಅಗ್ರಪೂಜೆಯನ್ನು ಮಾಡುವ ದೇವರು, ಮನುಷ್ಯ ಶರೀರವನ್ನು ಹೊಂದಿದ್ದು ಆನೆಯ ಮುಖವನ್ನು ಹೊಂದಿರುವ ದೆವರು || te: హిందువులకు ప్రధాన అగ్రపూజ్య దేవుడు ఇతని శరీరం మనిషి వలే మరియు తల ఏనుగువలే ఉంటుంది",shared_synset,unrelated,,Dhanya,,
P000026,ವೀರತನ,పరాక్రమం,vīratana,parākramaṁ,heroism / valour,valour / prowess,kn: ವೀರನಾಗಿರುವುದು || te: వీరుడయ్యే స్థితి లేక భావము.,shared_synset,unrelated,,Dhanya,,
P000027,ಸಚ್ಚರಿತ್ರ,సచ్చరిత,saccaritra,saccarita,of good character (a person),having good qualities; virtue,kn: ಒಳ್ಳೆಯ ಗುಣವುಳ್ಳ ಅಥವಾ ಎಲ್ಲರಿಗೂ ಇಷ್ಟವಾಗುವ ಒಳ್ಳೆಯ ನಡತೆಯುಳ್ಳ ಪುರುಷ ಅಥವಾ ಮಹಿಳೆ || te: మంచి లక్షణాలను కలిగివుండటం.,form_similar,cognate,sanskrit,Dhanya,,
P000028,ಅವತರಿಸಿದಂತಹ,గుడగుడ,avatarisidaṁtaha,guḍaguḍa,incarnated / descended (adjectival),gurgling / rumbling sound,,random,unrelated,,Dhanya,,
P000029,ಗಾಂಧಾರೀ,గాంధారీ,gāṁdhārī,gāṁdhārī,Gandhari — Duryodhana's mother,Gandhari — a musical raga,kn: ದುರ್ಯೋಧನನ ತಾಯಿ || te: నాలుగు రాగాల తర్వాత వచ్చె రాగం,form_similar,cognate,sanskrit,Dhanya,both meanings apply to both the languages,
P000030,ಟೀ,టీ,ṭī,ṭī,tea (the beverage),tea (made from tea leaves),kn: ಒಂದು ಗಿದ ಅದರ ಎಲೆಗಳನ್ನು ಕುದಿಯು ನೀರಿನಲ್ಲಿ ಹಾಕಿ ಒಂದು ಕುಡಿಯಬಹುದಾದ ಪಾನೀಯ/ಪೇಯವನ್ನು ತಯಾರಿಸಲಾಗುತ್ತದೆ || te: తేయాకులతో చేసే ద్రవ పదార్థం,form_similar,cognate,other_borrowing,Dhanya,,
P000031,ನಿರ್ಮಿತ,నిర్మాత,nirmita,nirmāta,constructed / made (a thing),a maker / producer (person),kn: ಯಾವುದೇ ವಸ್ತು ಸಂಗತಿಗಳು ಪೂರ್ಣವಾಗಿ ರಚನೆಗೊಂಡಿರುವ || te: నిర్మించే లేక తయారు చేసే వ్యక్తి.,form_similar,cognate,sanskrit,Dhanya,,
P000032,ನಿಯಮಿತವಲ್ಲದಂತ,అనియమితమైన,niyamitavalladaṁta,aniyamitamaina,irregular; not regular,irregular; without a set method,kn: ಯಾವುದು ನಿಯಮಿತವಾಗಿಲ್ಲವೋ || te: ఒక క్రమపద్దతిలేనిది,shared_synset,cognate,sanskrit,Dhanya,,
P000033,ತಗಲು,తగులు,tagalu,tagulu,to touch (one thing touches another),to touch (one thing touches another),kn: ಒಂದು ವಸ್ತು ಇನ್ನೊಂದು ವಸ್ತುವನ್ನು ಸ್ಪರ್ಶಿಸು || te: ఒక వస్తువు మరొక వస్తువును స్పర్శించడం,shared_synset,cognate,inherited,Dhanya,,
P000034,ಭಾಷಾಂತರಕಾರ,భాషాంతరీకరమైన,bhāṣāṁtarakāra,bhāṣāṁtarīkaramaina,translator (between languages),translator; one who translates,kn: ಯಾವುದೇ ಒಂದು ಭಾಷೆಯಿಂದ ಇನ್ನೊಂದು ಭಾಷೆಗೆ ತರ್ಜುಮೆ ಮಾಡುವವ || te: భాషాంతరీకరణ చేయు వ్యక్తి.,shared_synset,cognate,sanskrit,Dhanya,,
P000035,ಅಭ್ಯರ್ಥಿ,అభ్యర్థి,abhyarthi,abhyarthi,candidate (standing for election),candidate (contesting an election),kn: ಯಾವುದಾದರು ಪದವಿಗಾಗಿ ಚುನಾವಣೆಗೆ ನಿಂತು ಕೊಳ್ಳುವ ವ್ಯಕ್ತಿ || te: ఎన్నికల సమయంలో  అధికారం కోసం పోటీలో నిలబడే వ్యక్తి,shared_synset,cognate,sanskrit,Dhanya,,
P000036,ರೋಜಾ,రోజా,rōjā,rōjā,roza — the Ramadan fast,rose (the flower),kn: ಮುಸಲ್ಮಾನ ಧರ್ಮದ ಪ್ರಕಾರ ರಂಜಾನ್ ತಿಂಗಳಲ್ಲಿ ಉಪವಾಸ ಮಾಡುವ ಒಂದು ವಿಧಿ ಅಥವಾ ವ್ರತ || te: ఒక అందమైన పువ్వు ఈ మొక్క ముల్లు కలిగి ఉంటుంది,form_similar,false_friend,,Dhanya,,
P000037,ಕೈಬಾಚಿ,చిన్నగొడ్డలి,kaibāci,cinnagoḍḍali,small axe / adze (for carving wood),small axe / hatchet (for cutting plants),kn: ಮರಗಳನ್ನು ಕೆತ್ತಲು ಅಥವಾ ಚಕ್ಕೆ ಎಬ್ಬಿಸಲು ಬಳಸುವ ಒಂದು ಚಿಕ್ಕ ಸಾಧನ || te: మొక్కలు నరకడానికి కర్రకు తొడిగిన ఇనుప సాధనం,shared_synset,unrelated,,Dhanya,,
P000038,ಸ್ತುತಿ,ఉపయోగము,stuti,upayōgamu,praise / eulogy,use / utility,,random,unrelated,,Dhanya,,
P000039,ಹೆಸರಿನವ,తిరస్కరించు,hesarinava,tiraskariṁcu,a renowned person; one of repute,to reject / refuse,,random,unrelated,,Dhanya,,